Graph Name,No of sources of Evidences,Controller,Worst-Case Controller to Controller
ABILENE,2,8,2.0
ABILENE,2,9,3.0
ABILENE,2,10,2.0
ABILENE,2,6,3.0
ABILENE,3,7,3.0
ABILENE,3,1,3.0
ABILENE,3,2,4.0
ABILENE,3,6,4.0
ABILENE,4,7,3.0
ABILENE,4,2,3.0
ABILENE,4,5,3.0
ABVT,2,11,133.00400000000002
ABVT,2,1,88.182
ABVT,2,10,88.564
ABVT,2,5,133.00400000000002
ABVT,3,1,52.742000000000004
ABVT,3,21,52.742000000000004
ABVT,3,7,51.078
ABVT,3,10,34.528999999999996
ABVT,4,11,133.00400000000002
ABVT,4,1,88.182
ABVT,4,0,90.846
ABVT,4,2,97.637
ABVT,4,5,133.00400000000002
AGIS,2,9,3.0
AGIS,2,19,3.0
AGIS,2,6,3.0
AGIS,2,10,4.0
AGIS,2,3,4.0
AGIS,3,5,3.0
AGIS,3,7,3.0
AGIS,3,2,5.0
AGIS,3,9,3.0
AGIS,3,3,5.0
AGIS,3,14,5.0
AGIS,4,9,3.0
AGIS,4,3,3.0
AGIS,4,19,4.0
AGIS,4,6,2.0
AGIS,4,2,4.0
ARN.GRAPHML,2,22,1.0
ARN.GRAPHML,2,8,2.0
ARN.GRAPHML,2,24,2.0
ARN.GRAPHML,3,8,3.0
ARN.GRAPHML,3,4,3.0
ARN.GRAPHML,4,3,3.0
ARN.GRAPHML,4,7,3.0
ARN.GRAPHML,4,29,4.0
ARN.GRAPHML,4,18,4.0
BELLCANADA,2,33,7.0
BELLCANADA,2,2,8.0
BELLCANADA,2,4,8.0
BELLCANADA,2,27,8.0
BELLCANADA,2,16,7.0
BELLCANADA,2,31,6.0
BELLCANADA,2,8,8.0
BELLCANADA,2,14,6.0
BELLCANADA,2,21,8.0
BELLCANADA,2,29,6.0
BELLCANADA,2,45,6.0
BELLCANADA,3,1,9.0
BELLCANADA,3,2,8.0
BELLCANADA,3,8,8.0
BELLCANADA,3,12,7.0
BELLCANADA,3,16,8.0
BELLCANADA,3,33,7.0
BELLCANADA,3,27,8.0
BELLCANADA,3,21,9.0
BELLCANADA,3,13,7.0
BELLCANADA,4,2,8.0
BELLCANADA,4,1,9.0
BELLCANADA,4,8,8.0
BELLCANADA,4,12,7.0
BELLCANADA,4,33,7.0
BELLCANADA,4,16,8.0
BELLCANADA,4,21,9.0
BELLCANADA,4,27,8.0
BELLCANADA,4,13,7.0
BELLCANADA,4,17,9.0
BELLSOUTH.GRAPHML,2,35,1.0
BELLSOUTH.GRAPHML,2,31,1.0
BELLSOUTH.GRAPHML,2,49,1.0
BELLSOUTH.GRAPHML,3,5,5.0
BELLSOUTH.GRAPHML,3,31,4.0
BELLSOUTH.GRAPHML,3,15,4.0
BELLSOUTH.GRAPHML,3,1,5.0
BELLSOUTH.GRAPHML,3,23,5.0
BELLSOUTH.GRAPHML,3,45,5.0
BELLSOUTH.GRAPHML,4,46,5.0
BELLSOUTH.GRAPHML,4,50,4.0
BELLSOUTH.GRAPHML,4,33,5.0
BELLSOUTH.GRAPHML,4,42,5.0
BELLSOUTH.GRAPHML,4,28,5.0
BELLSOUTH.GRAPHML,4,48,3.0
BELLSOUTH.GRAPHML,4,21,5.0
BELLSOUTH.GRAPHML,4,26,4.0
BELLSOUTH.GRAPHML,4,49,3.0
BELLSOUTH.GRAPHML,4,31,3.0
BICS.GRAPHML,2,19,2.0
BICS.GRAPHML,2,14,2.0
BICS.GRAPHML,2,13,3.0
BICS.GRAPHML,2,22,3.0
BICS.GRAPHML,2,15,3.0
BICS.GRAPHML,2,21,3.0
BICS.GRAPHML,2,1,3.0
BICS.GRAPHML,3,13,4.0
BICS.GRAPHML,3,12,5.0
BICS.GRAPHML,3,24,4.0
BICS.GRAPHML,3,20,4.0
BICS.GRAPHML,3,5,6.0
BICS.GRAPHML,3,16,4.0
BICS.GRAPHML,3,28,6.0
BICS.GRAPHML,4,14,4.0
BICS.GRAPHML,4,13,4.0
BICS.GRAPHML,4,2,3.0
BICS.GRAPHML,4,19,3.0
BICS.GRAPHML,4,15,5.0
BICS.GRAPHML,4,22,5.0
BICS.GRAPHML,4,5,5.0
BICS.GRAPHML,4,16,4.0
BICS.GRAPHML,4,8,5.0
CERNET.GRAPHML,2,21,1.0
CERNET.GRAPHML,2,24,2.0
CERNET.GRAPHML,2,28,2.0
CERNET.GRAPHML,2,37,2.0
CERNET.GRAPHML,3,9,5.0
CERNET.GRAPHML,3,20,4.0
CERNET.GRAPHML,3,26,5.0
CERNET.GRAPHML,3,38,5.0
CERNET.GRAPHML,3,14,5.0
CERNET.GRAPHML,3,12,4.0
CERNET.GRAPHML,3,39,4.0
CERNET.GRAPHML,3,1,5.0
CERNET.GRAPHML,4,38,5.0
CERNET.GRAPHML,4,39,4.0
CERNET.GRAPHML,4,16,4.0
CERNET.GRAPHML,4,30,5.0
CERNET.GRAPHML,4,26,5.0
CERNET.GRAPHML,4,27,4.0
CERNET.GRAPHML,4,20,4.0
CERNET.GRAPHML,4,32,4.0
CERNET.GRAPHML,4,25,4.0
CESNET200706.GRAPHML,2,40,1.0
CESNET200706.GRAPHML,2,7,2.0
CESNET200706.GRAPHML,2,43,2.0
CESNET200706.GRAPHML,2,0,2.0
CESNET200706.GRAPHML,3,28,5.0
CESNET200706.GRAPHML,3,15,4.0
CESNET200706.GRAPHML,3,18,5.0
CESNET200706.GRAPHML,3,14,5.0
CESNET200706.GRAPHML,3,20,5.0
CESNET200706.GRAPHML,3,22,5.0
CESNET200706.GRAPHML,3,36,5.0
CESNET200706.GRAPHML,3,43,3.0
CESNET200706.GRAPHML,3,7,3.0
CESNET200706.GRAPHML,4,3,3.0
CESNET200706.GRAPHML,4,6,4.0
CESNET200706.GRAPHML,4,36,4.0
CESNET200706.GRAPHML,4,20,4.0
CESNET200706.GRAPHML,4,43,3.0
CHINANET.GRAPHML,2,39,1.0
CHINANET.GRAPHML,2,38,2.0
CHINANET.GRAPHML,2,8,1.0
CHINANET.GRAPHML,2,28,2.0
CHINANET.GRAPHML,2,23,2.0
CHINANET.GRAPHML,2,27,2.0
CHINANET.GRAPHML,2,25,2.0
CHINANET.GRAPHML,3,5,4.0
CHINANET.GRAPHML,3,30,4.0
CHINANET.GRAPHML,3,20,4.0
CHINANET.GRAPHML,3,41,3.0
CHINANET.GRAPHML,3,2,4.0
CHINANET.GRAPHML,3,3,4.0
CHINANET.GRAPHML,3,28,3.0
CHINANET.GRAPHML,3,8,3.0
CHINANET.GRAPHML,3,18,3.0
CHINANET.GRAPHML,4,8,2.0
CHINANET.GRAPHML,4,18,2.0
CHINANET.GRAPHML,4,25,2.0
CHINANET.GRAPHML,4,16,3.0
CHINANET.GRAPHML,4,38,2.0
CHINANET.GRAPHML,4,23,2.0
CHINANET.GRAPHML,4,33,3.0
COGENTCO.GRAPHML,2,183,10.0
COGENTCO.GRAPHML,2,165,11.0
COGENTCO.GRAPHML,2,158,11.0
COGENTCO.GRAPHML,2,154,9.0
COGENTCO.GRAPHML,2,8,10.0
COGENTCO.GRAPHML,2,1,11.0
COGENTCO.GRAPHML,2,77,6.0
COGENTCO.GRAPHML,2,37,10.0
COGENTCO.GRAPHML,3,1,15.0
COGENTCO.GRAPHML,3,8,14.0
COGENTCO.GRAPHML,3,7,13.0
COGENTCO.GRAPHML,3,12,12.0
COGENTCO.GRAPHML,3,2,10.0
COGENTCO.GRAPHML,3,37,10.0
COGENTCO.GRAPHML,3,183,10.0
COGENTCO.GRAPHML,3,4,12.0
COGENTCO.GRAPHML,3,13,13.0
COGENTCO.GRAPHML,3,38,11.0
COGENTCO.GRAPHML,3,14,15.0
COGENTCO.GRAPHML,3,19,13.0
COGENTCO.GRAPHML,3,77,10.0
COGENTCO.GRAPHML,3,158,11.0
COGENTCO.GRAPHML,3,92,10.0
COGENTCO.GRAPHML,3,26,15.0
COGENTCO.GRAPHML,3,5,14.0
COGENTCO.GRAPHML,3,28,15.0
COGENTCO.GRAPHML,4,1,15.0
COGENTCO.GRAPHML,4,8,14.0
COGENTCO.GRAPHML,4,7,13.0
COGENTCO.GRAPHML,4,2,10.0
COGENTCO.GRAPHML,4,12,12.0
COGENTCO.GRAPHML,4,4,12.0
COGENTCO.GRAPHML,4,38,11.0
COGENTCO.GRAPHML,4,14,15.0
COGENTCO.GRAPHML,4,13,13.0
COGENTCO.GRAPHML,4,19,13.0
COGENTCO.GRAPHML,4,5,14.0
COGENTCO.GRAPHML,4,158,11.0
COGENTCO.GRAPHML,4,37,10.0
COGENTCO.GRAPHML,4,28,15.0
COGENTCO.GRAPHML,4,183,10.0
COGENTCO.GRAPHML,4,92,10.0
COGENTCO.GRAPHML,4,77,10.0
COGENTCO.GRAPHML,4,32,11.0
COGENTCO.GRAPHML,4,26,15.0
COGENTCO.GRAPHML,4,70,11.0
COGENTCO.GRAPHML,4,75,9.0
COGENTCO.GRAPHML,4,49,12.0
COLT.GRAPHML,2,152,7.0
COLT.GRAPHML,2,138,6.0
COLT.GRAPHML,2,140,6.0
COLT.GRAPHML,2,142,7.0
COLT.GRAPHML,3,72,14.0
COLT.GRAPHML,3,2,17.0
COLT.GRAPHML,3,18,12.0
COLT.GRAPHML,3,13,12.0
COLT.GRAPHML,3,10,13.0
COLT.GRAPHML,3,0,14.0
COLT.GRAPHML,3,21,17.0
COLT.GRAPHML,3,106,14.0
COLT.GRAPHML,3,109,14.0
COLT.GRAPHML,3,138,12.0
COLT.GRAPHML,3,14,13.0
COLT.GRAPHML,3,68,15.0
COLT.GRAPHML,3,78,10.0
COLT.GRAPHML,3,17,14.0
COLT.GRAPHML,3,15,13.0
COLT.GRAPHML,3,53,17.0
COLT.GRAPHML,3,23,15.0
COLT.GRAPHML,3,75,11.0
COLT.GRAPHML,3,51,16.0
COLT.GRAPHML,3,60,17.0
COLT.GRAPHML,3,39,12.0
COLT.GRAPHML,3,74,10.0
COLT.GRAPHML,3,84,12.0
COLT.GRAPHML,3,63,12.0
COLT.GRAPHML,3,139,9.0
COLT.GRAPHML,3,73,11.0
COLT.GRAPHML,3,107,17.0
COLT.GRAPHML,3,49,15.0
COLT.GRAPHML,3,123,10.0
COLT.GRAPHML,3,86,13.0
COLT.GRAPHML,3,136,15.0
COLT.GRAPHML,3,80,15.0
COLT.GRAPHML,4,66,14.0
COLT.GRAPHML,4,72,14.0
COLT.GRAPHML,4,2,17.0
COLT.GRAPHML,4,10,13.0
COLT.GRAPHML,4,18,12.0
COLT.GRAPHML,4,13,12.0
COLT.GRAPHML,4,0,14.0
COLT.GRAPHML,4,138,12.0
COLT.GRAPHML,4,16,17.0
COLT.GRAPHML,4,106,14.0
COLT.GRAPHML,4,109,14.0
COLT.GRAPHML,4,17,14.0
COLT.GRAPHML,4,21,17.0
COLT.GRAPHML,4,54,10.0
COLT.GRAPHML,4,14,13.0
COLT.GRAPHML,4,140,10.0
COLT.GRAPHML,4,68,15.0
COLT.GRAPHML,4,78,10.0
COLT.GRAPHML,4,51,16.0
COLT.GRAPHML,4,12,11.0
DELTACOM.GRAPHML,2,47,3.0
DELTACOM.GRAPHML,2,104,3.0
DELTACOM.GRAPHML,2,60,2.0
DELTACOM.GRAPHML,2,3,4.0
DELTACOM.GRAPHML,2,19,4.0
DELTACOM.GRAPHML,3,3,4.0
DELTACOM.GRAPHML,3,47,5.0
DELTACOM.GRAPHML,3,0,7.0
DELTACOM.GRAPHML,3,4,5.0
DELTACOM.GRAPHML,3,6,5.0
DELTACOM.GRAPHML,3,60,6.0
DELTACOM.GRAPHML,3,19,8.0
DELTACOM.GRAPHML,3,1,8.0
DELTACOM.GRAPHML,3,2,7.0
DELTACOM.GRAPHML,4,3,4.0
DELTACOM.GRAPHML,4,47,5.0
DELTACOM.GRAPHML,4,0,7.0
DELTACOM.GRAPHML,4,6,5.0
DELTACOM.GRAPHML,4,60,6.0
DELTACOM.GRAPHML,4,1,8.0
DELTACOM.GRAPHML,4,19,8.0
DELTACOM.GRAPHML,4,2,7.0
DELTACOM.GRAPHML,4,10,8.0
GARR201110.GRAPHML,2,14,2.0
GARR201110.GRAPHML,2,53,2.0
GARR201110.GRAPHML,2,35,2.0
GARR201110.GRAPHML,2,33,3.0
GARR201110.GRAPHML,2,18,3.0
GARR201110.GRAPHML,3,56,5.0
GARR201110.GRAPHML,3,16,6.0
GARR201110.GRAPHML,3,20,6.0
GARR201110.GRAPHML,3,43,5.0
GARR201110.GRAPHML,3,1,5.0
GARR201110.GRAPHML,3,40,6.0
GARR201110.GRAPHML,3,13,6.0
GARR201110.GRAPHML,3,39,5.0
GARR201110.GRAPHML,3,51,6.0
GARR201110.GRAPHML,3,52,6.0
GARR201110.GRAPHML,3,58,6.0
GARR201110.GRAPHML,3,33,5.0
GARR201110.GRAPHML,3,14,4.0
GARR201110.GRAPHML,4,51,5.0
GARR201110.GRAPHML,4,50,5.0
GARR201110.GRAPHML,4,55,4.0
GARR201110.GRAPHML,4,39,5.0
GARR201110.GRAPHML,4,49,4.0
GARR201110.GRAPHML,4,30,5.0
GARR201110.GRAPHML,4,43,5.0
GARR201110.GRAPHML,4,57,4.0
GARR201110.GRAPHML,4,7,5.0
GEANT2001,2,3,2.0
GEANT2001,2,20,3.0
GEANT2001,2,2,2.0
GEANT2001,2,21,2.0
GEANT2001,2,9,3.0
GEANT2001,3,7,4.0
GEANT2001,3,19,3.0
GEANT2001,3,5,4.0
GEANT2001,3,20,4.0
GEANT2001,3,18,4.0
GEANT2001,3,9,3.0
GEANT2001,4,26,3.0
GEANT2001,4,17,4.0
GEANT2001,4,25,4.0
GEANT2001,4,11,4.0
GEANT2001,4,12,4.0
GEANT2001,4,7,4.0
GRNET.GRAPHML,2,20,1.0
GRNET.GRAPHML,2,30,2.0
GRNET.GRAPHML,2,8,2.0
GRNET.GRAPHML,2,2,2.0
GRNET.GRAPHML,2,15,2.0
GRNET.GRAPHML,2,24,2.0
GRNET.GRAPHML,3,5,4.0
GRNET.GRAPHML,3,0,4.0
GRNET.GRAPHML,3,26,3.0
GRNET.GRAPHML,3,21,4.0
GRNET.GRAPHML,4,29,5.0
GRNET.GRAPHML,4,16,4.0
GRNET.GRAPHML,4,9,4.0
GRNET.GRAPHML,4,26,4.0
GRNET.GRAPHML,4,4,5.0
GRNET.GRAPHML,4,3,5.0
INTELLIFIBER.GRAPHML,2,46,6.0
INTELLIFIBER.GRAPHML,2,15,7.0
INTELLIFIBER.GRAPHML,2,44,5.0
INTELLIFIBER.GRAPHML,2,23,5.0
INTELLIFIBER.GRAPHML,2,19,6.0
INTELLIFIBER.GRAPHML,2,53,7.0
INTELLIFIBER.GRAPHML,2,6,6.0
INTELLIFIBER.GRAPHML,2,55,8.0
INTELLIFIBER.GRAPHML,2,24,6.0
INTELLIFIBER.GRAPHML,2,34,8.0
INTELLIFIBER.GRAPHML,2,41,5.0
INTELLIFIBER.GRAPHML,3,15,9.0
INTELLIFIBER.GRAPHML,3,1,8.0
INTELLIFIBER.GRAPHML,3,19,8.0
INTELLIFIBER.GRAPHML,3,5,6.0
INTELLIFIBER.GRAPHML,3,7,6.0
INTELLIFIBER.GRAPHML,3,2,11.0
INTELLIFIBER.GRAPHML,3,46,8.0
INTELLIFIBER.GRAPHML,3,24,10.0
INTELLIFIBER.GRAPHML,3,16,8.0
INTELLIFIBER.GRAPHML,3,53,7.0
INTELLIFIBER.GRAPHML,3,3,10.0
INTELLIFIBER.GRAPHML,3,9,11.0
INTELLIFIBER.GRAPHML,3,34,10.0
INTELLIFIBER.GRAPHML,3,55,8.0
INTELLIFIBER.GRAPHML,4,15,9.0
INTELLIFIBER.GRAPHML,4,1,8.0
INTELLIFIBER.GRAPHML,4,10,7.0
INTELLIFIBER.GRAPHML,4,7,6.0
INTELLIFIBER.GRAPHML,4,5,6.0
INTELLIFIBER.GRAPHML,4,2,11.0
INTELLIFIBER.GRAPHML,4,16,8.0
INTELLIFIBER.GRAPHML,4,46,8.0
INTELLIFIBER.GRAPHML,4,24,10.0
INTELLIFIBER.GRAPHML,4,9,11.0
INTELLIFIBER.GRAPHML,4,3,10.0
INTELLIFIBER.GRAPHML,4,53,7.0
INTELLIFIBER.GRAPHML,4,34,10.0
INTELLIFIBER.GRAPHML,4,20,9.0
INTELLIFIBER.GRAPHML,4,45,9.0
INTEROUTE.GRAPHML,2,43,12.0
INTEROUTE.GRAPHML,2,32,11.0
INTEROUTE.GRAPHML,2,10,13.0
INTEROUTE.GRAPHML,2,16,9.0
INTEROUTE.GRAPHML,2,18,9.0
INTEROUTE.GRAPHML,2,56,9.0
INTEROUTE.GRAPHML,2,84,13.0
INTEROUTE.GRAPHML,2,57,10.0
INTEROUTE.GRAPHML,2,40,14.0
INTEROUTE.GRAPHML,2,7,8.0
INTEROUTE.GRAPHML,2,33,10.0
INTEROUTE.GRAPHML,2,42,13.0
INTEROUTE.GRAPHML,2,50,11.0
INTEROUTE.GRAPHML,2,72,10.0
INTEROUTE.GRAPHML,2,11,11.0
INTEROUTE.GRAPHML,2,38,9.0
INTEROUTE.GRAPHML,2,45,10.0
INTEROUTE.GRAPHML,2,49,10.0
INTEROUTE.GRAPHML,2,53,13.0
INTEROUTE.GRAPHML,2,37,14.0
INTEROUTE.GRAPHML,2,52,8.0
INTEROUTE.GRAPHML,2,63,12.0
INTEROUTE.GRAPHML,2,101,12.0
INTEROUTE.GRAPHML,2,41,14.0
INTEROUTE.GRAPHML,2,51,10.0
INTEROUTE.GRAPHML,3,32,11.0
INTEROUTE.GRAPHML,3,3,12.0
INTEROUTE.GRAPHML,3,16,9.0
INTEROUTE.GRAPHML,3,56,9.0
INTEROUTE.GRAPHML,3,11,11.0
INTEROUTE.GRAPHML,3,43,12.0
INTEROUTE.GRAPHML,3,2,13.0
INTEROUTE.GRAPHML,3,10,13.0
INTEROUTE.GRAPHML,3,42,13.0
INTEROUTE.GRAPHML,3,50,11.0
INTEROUTE.GRAPHML,3,57,10.0
INTEROUTE.GRAPHML,3,31,12.0
INTEROUTE.GRAPHML,3,37,14.0
INTEROUTE.GRAPHML,3,52,9.0
INTEROUTE.GRAPHML,3,38,10.0
INTEROUTE.GRAPHML,3,45,10.0
INTEROUTE.GRAPHML,3,49,11.0
INTEROUTE.GRAPHML,3,53,14.0
INTEROUTE.GRAPHML,3,40,14.0
INTEROUTE.GRAPHML,3,36,13.0
INTEROUTE.GRAPHML,3,0,15.0
INTEROUTE.GRAPHML,3,1,12.0
INTEROUTE.GRAPHML,3,13,14.0
INTEROUTE.GRAPHML,3,34,12.0
INTEROUTE.GRAPHML,3,30,15.0
INTEROUTE.GRAPHML,3,41,14.0
INTEROUTE.GRAPHML,3,51,10.0
INTEROUTE.GRAPHML,3,63,13.0
INTEROUTE.GRAPHML,4,32,11.0
INTEROUTE.GRAPHML,4,3,12.0
INTEROUTE.GRAPHML,4,56,9.0
INTEROUTE.GRAPHML,4,11,11.0
INTEROUTE.GRAPHML,4,43,12.0
INTEROUTE.GRAPHML,4,2,13.0
INTEROUTE.GRAPHML,4,10,13.0
INTEROUTE.GRAPHML,4,50,11.0
INTEROUTE.GRAPHML,4,42,13.0
INTEROUTE.GRAPHML,4,31,12.0
INTEROUTE.GRAPHML,4,52,9.0
INTEROUTE.GRAPHML,4,37,14.0
INTEROUTE.GRAPHML,4,57,10.0
INTEROUTE.GRAPHML,4,45,10.0
INTEROUTE.GRAPHML,4,53,14.0
INTEROUTE.GRAPHML,4,36,13.0
INTEROUTE.GRAPHML,4,40,14.0
INTEROUTE.GRAPHML,4,1,12.0
INTEROUTE.GRAPHML,4,0,15.0
INTEROUTE.GRAPHML,4,13,14.0
INTEROUTE.GRAPHML,4,34,12.0
INTEROUTE.GRAPHML,4,30,15.0
INTEROUTE.GRAPHML,4,41,14.0
INTEROUTE.GRAPHML,4,51,10.0
INTEROUTE.GRAPHML,4,63,13.0
ION.GRAPHML,2,74,16.0
ION.GRAPHML,2,29,17.0
ION.GRAPHML,2,105,16.0
ION.GRAPHML,2,110,16.0
ION.GRAPHML,2,112,17.0
ION.GRAPHML,2,48,18.0
ION.GRAPHML,2,67,17.0
ION.GRAPHML,2,113,16.0
ION.GRAPHML,2,3,19.0
ION.GRAPHML,2,64,13.0
ION.GRAPHML,2,76,17.0
ION.GRAPHML,2,111,15.0
ION.GRAPHML,2,117,14.0
ION.GRAPHML,2,33,18.0
ION.GRAPHML,2,59,13.0
ION.GRAPHML,2,100,15.0
ION.GRAPHML,2,106,18.0
ION.GRAPHML,2,107,16.0
ION.GRAPHML,2,121,14.0
ION.GRAPHML,2,123,19.0
ION.GRAPHML,3,5,23.0
ION.GRAPHML,3,29,20.0
ION.GRAPHML,3,33,21.0
ION.GRAPHML,3,2,21.0
ION.GRAPHML,3,74,17.0
ION.GRAPHML,3,9,14.0
ION.GRAPHML,3,1,18.0
ION.GRAPHML,3,105,19.0
ION.GRAPHML,3,21,23.0
ION.GRAPHML,3,26,18.0
ION.GRAPHML,3,14,17.0
ION.GRAPHML,3,72,16.0
ION.GRAPHML,3,48,19.0
ION.GRAPHML,3,30,21.0
ION.GRAPHML,3,18,12.0
ION.GRAPHML,3,8,17.0
ION.GRAPHML,3,10,14.0
ION.GRAPHML,3,110,17.0
ION.GRAPHML,3,67,18.0
ION.GRAPHML,3,20,15.0
ION.GRAPHML,3,0,15.0
ION.GRAPHML,3,59,14.0
ION.GRAPHML,3,19,13.0
ION.GRAPHML,3,28,16.0
ION.GRAPHML,3,112,18.0
ION.GRAPHML,4,5,23.0
ION.GRAPHML,4,33,21.0
ION.GRAPHML,4,29,20.0
ION.GRAPHML,4,2,21.0
ION.GRAPHML,4,74,17.0
ION.GRAPHML,4,9,14.0
ION.GRAPHML,4,1,18.0
ION.GRAPHML,4,105,19.0
ION.GRAPHML,4,15,17.0
ION.GRAPHML,4,14,17.0
ION.GRAPHML,4,72,16.0
ION.GRAPHML,4,26,18.0
ION.GRAPHML,4,22,23.0
ION.GRAPHML,4,32,21.0
ION.GRAPHML,4,10,14.0
ION.GRAPHML,4,8,17.0
ION.GRAPHML,4,48,19.0
ION.GRAPHML,4,18,12.0
ION.GRAPHML,4,110,17.0
ION.GRAPHML,4,20,15.0
ION.GRAPHML,4,67,18.0
ION.GRAPHML,4,59,14.0
ION.GRAPHML,4,19,13.0
ION.GRAPHML,4,28,16.0
ION.GRAPHML,4,112,18.0
ION.GRAPHML,4,49,18.0
JANETBACKBONE.GRAPHML,2,13,2.0
JANETBACKBONE.GRAPHML,2,12,2.0
JANETBACKBONE.GRAPHML,2,17,3.0
JANETBACKBONE.GRAPHML,2,14,3.0
JANETBACKBONE.GRAPHML,2,11,2.0
JANETBACKBONE.GRAPHML,3,14,4.0
JANETBACKBONE.GRAPHML,3,3,5.0
JANETBACKBONE.GRAPHML,3,15,5.0
JANETBACKBONE.GRAPHML,3,25,5.0
JANETBACKBONE.GRAPHML,3,20,5.0
JANETBACKBONE.GRAPHML,3,1,5.0
JANETBACKBONE.GRAPHML,3,22,5.0
JANETBACKBONE.GRAPHML,3,27,4.0
JANETBACKBONE.GRAPHML,4,27,4.0
JANETBACKBONE.GRAPHML,4,22,5.0
JANETBACKBONE.GRAPHML,4,28,4.0
JANETBACKBONE.GRAPHML,4,16,5.0
JANETBACKBONE.GRAPHML,4,20,5.0
JANETBACKBONE.GRAPHML,4,15,5.0
JANETBACKBONE.GRAPHML,4,25,4.0
JANETBACKBONE.GRAPHML,4,14,4.0
KDL,2,408,27.0
KDL,2,201,26.0
KDL,2,715,30.0
KDL,2,52,29.0
KDL,2,512,33.0
KDL,2,98,25.0
KDL,2,233,35.0
KDL,2,25,36.0
KDL,2,670,40.0
KDL,2,230,30.0
KDL,2,495,25.0
KDL,2,509,34.0
KDL,2,131,46.0
KDL,2,196,33.0
KDL,2,594,33.0
KDL,2,204,28.0
KDL,2,195,34.0
KDL,2,428,46.0
KDL,2,624,36.0
KDL,2,704,33.0
KDL,2,725,30.0
KDL,2,162,26.0
KDL,2,32,37.0
KDL,2,553,43.0
KDL,2,137,31.0
KDL,2,200,27.0
KDL,2,561,41.0
KDL,2,18,24.0
KDL,2,151,33.0
KDL,2,293,26.0
KDL,2,455,37.0
KDL,2,472,37.0
KDL,2,680,30.0
KDL,2,588,35.0
KDL,2,74,35.0
KDL,2,147,33.0
KDL,2,315,40.0
KDL,2,354,33.0
KDL,2,487,25.0
KDL,2,571,37.0
KDL,2,590,36.0
KDL,2,690,35.0
KDL,2,741,35.0
KDL,2,87,26.0
KDL,2,508,35.0
KDL,2,613,25.0
KDL,2,729,32.0
KDL,3,201,34.0
KDL,3,23,43.0
KDL,3,18,30.0
KDL,3,25,44.0
KDL,3,137,40.0
KDL,3,200,34.0
KDL,3,24,30.0
KDL,3,162,33.0
KDL,3,16,53.0
KDL,3,32,40.0
KDL,3,131,50.0
KDL,3,40,38.0
KDL,3,230,34.0
KDL,3,408,35.0
KDL,3,84,45.0
KDL,3,74,39.0
KDL,3,99,34.0
KDL,3,196,41.0
KDL,3,233,39.0
KDL,3,28,35.0
KDL,3,39,42.0
KDL,3,5,49.0
KDL,3,6,48.0
KDL,3,95,34.0
KDL,3,63,41.0
KDL,3,42,31.0
KDL,3,41,38.0
KDL,3,17,54.0
KDL,3,195,42.0
KDL,3,147,36.0
KDL,3,128,50.0
KDL,3,61,42.0
KDL,3,238,35.0
KDL,3,495,33.0
KDL,3,509,42.0
KDL,3,143,48.0
KDL,3,127,50.0
KDL,3,0,34.0
KDL,3,512,41.0
KDL,3,72,45.0
KDL,3,75,40.0
KDL,3,293,34.0
KDL,3,60,40.0
KDL,3,64,41.0
KDL,3,239,42.0
KDL,3,242,40.0
KDL,3,247,36.0
KDL,3,44,35.0
KDL,3,171,43.0
KDL,3,22,43.0
KDL,3,112,40.0
KDL,3,71,46.0
KDL,3,79,40.0
KDL,3,65,42.0
KDL,3,561,45.0
KDL,3,20,37.0
KDL,3,21,39.0
KDL,3,205,37.0
KDL,3,182,37.0
KDL,3,153,37.0
KDL,3,161,32.0
KDL,3,1,37.0
KDL,3,2,39.0
KDL,3,3,36.0
KDL,3,4,40.0
KDL,3,411,36.0
KDL,3,110,40.0
KDL,3,130,49.0
KDL,3,106,48.0
KDL,3,338,39.0
KDL,3,83,41.0
KDL,3,76,41.0
KDL,3,320,38.0
KDL,3,315,47.0
KDL,3,262,36.0
KDL,3,50,32.0
KDL,3,54,39.0
KDL,3,234,38.0
KDL,3,206,35.0
KDL,3,8,46.0
KDL,3,9,47.0
KDL,3,10,57.0
KDL,3,11,58.0
KDL,3,12,58.0
KDL,3,438,44.0
KDL,3,455,41.0
KDL,3,472,41.0
KDL,3,390,40.0
KDL,3,125,47.0
KDL,3,428,51.0
KDL,3,100,47.0
KDL,3,354,37.0
KDL,3,314,46.0
KDL,3,56,55.0
KDL,3,58,44.0
KDL,3,19,31.0
KDL,3,26,42.0
KDL,3,31,43.0
KDL,3,183,37.0
KDL,3,466,49.0
KDL,3,140,54.0
KDL,3,145,44.0
KDL,3,149,49.0
KDL,3,105,49.0
KDL,3,107,49.0
KDL,3,126,52.0
KDL,3,68,40.0
KDL,3,302,40.0
KDL,3,268,39.0
KDL,3,594,37.0
KDL,3,226,37.0
KDL,3,246,41.0
KDL,3,505,38.0
KDL,3,141,52.0
KDL,3,158,38.0
KDL,3,160,40.0
KDL,3,487,29.0
KDL,3,424,52.0
KDL,3,85,46.0
KDL,3,102,54.0
KDL,4,201,34.0
KDL,4,18,30.0
KDL,4,23,43.0
KDL,4,25,44.0
KDL,4,137,40.0
KDL,4,87,34.0
KDL,4,200,34.0
KDL,4,24,29.0
KDL,4,32,40.0
KDL,4,162,33.0
KDL,4,16,53.0
KDL,4,131,49.0
KDL,4,408,35.0
KDL,4,40,37.0
KDL,4,230,33.0
KDL,4,84,45.0
KDL,4,74,38.0
KDL,4,233,38.0
KDL,4,196,41.0
KDL,4,99,34.0
KDL,4,39,42.0
KDL,4,28,34.0
KDL,4,6,48.0
KDL,4,5,49.0
KDL,4,95,34.0
KDL,4,63,40.0
KDL,4,42,31.0
KDL,4,41,37.0
KDL,4,195,42.0
KDL,4,147,36.0
KDL,4,17,54.0
KDL,4,128,49.0
KDL,4,61,42.0
KDL,4,238,35.0
KDL,4,509,42.0
KDL,4,495,33.0
KDL,4,512,41.0
KDL,4,143,47.0
KDL,4,127,49.0
KDL,4,0,34.0
KDL,4,293,34.0
KDL,4,75,39.0
KDL,4,72,44.0
KDL,4,64,40.0
KDL,4,60,39.0
KDL,4,247,36.0
KDL,4,242,40.0
KDL,4,239,42.0
KDL,4,44,34.0
KDL,4,22,43.0
KDL,4,171,43.0
KDL,4,112,39.0
KDL,4,79,39.0
KDL,4,71,45.0
KDL,4,65,42.0
KDL,4,561,44.0
KDL,4,205,37.0
KDL,4,182,37.0
KDL,4,21,39.0
KDL,4,20,37.0
KDL,4,161,32.0
KDL,4,153,37.0
KDL,4,411,36.0
KDL,4,130,48.0
KDL,4,110,40.0
KDL,4,106,48.0
KDL,4,4,40.0
KDL,4,3,36.0
KDL,4,2,39.0
KDL,4,1,37.0
KDL,4,338,39.0
KDL,4,83,41.0
KDL,4,320,38.0
KDL,4,315,47.0
KDL,4,76,40.0
KDL,4,262,36.0
KDL,4,54,39.0
KDL,4,50,31.0
KDL,4,234,37.0
KDL,4,206,35.0
KDL,4,438,43.0
KDL,4,472,40.0
KDL,4,455,40.0
KDL,4,13,56.0
KDL,4,12,57.0
KDL,4,10,57.0
KDL,4,9,46.0
KDL,4,8,45.0
KDL,4,390,39.0
KDL,4,428,51.0
KDL,4,125,46.0
KDL,4,354,36.0
KDL,4,100,47.0
KDL,4,314,46.0
KDL,4,58,44.0
KDL,4,56,54.0
KDL,4,183,37.0
KDL,4,31,43.0
KDL,4,26,42.0
KDL,4,19,31.0
KDL,4,466,48.0
KDL,4,149,49.0
KDL,4,145,44.0
KDL,4,140,53.0
KDL,4,126,51.0
KDL,4,107,49.0
KDL,4,105,49.0
KDL,4,302,39.0
KDL,4,68,40.0
KDL,4,594,36.0
KDL,4,268,38.0
KDL,4,246,41.0
KDL,4,226,36.0
KDL,4,505,38.0
KDL,4,487,29.0
KDL,4,160,40.0
KDL,4,158,37.0
KDL,4,141,51.0
KDL,4,424,52.0
LATNET.GRAPHML,2,30,1.0
LATNET.GRAPHML,2,42,2.0
LATNET.GRAPHML,2,48,2.0
LATNET.GRAPHML,2,22,2.0
LATNET.GRAPHML,3,23,4.0
LATNET.GRAPHML,3,6,4.0
LATNET.GRAPHML,3,56,4.0
LATNET.GRAPHML,3,66,4.0
LATNET.GRAPHML,3,19,4.0
LATNET.GRAPHML,3,38,4.0
LATNET.GRAPHML,3,11,4.0
LATNET.GRAPHML,3,63,4.0
LATNET.GRAPHML,3,5,4.0
LATNET.GRAPHML,3,20,4.0
LATNET.GRAPHML,3,32,4.0
LATNET.GRAPHML,4,48,3.0
LATNET.GRAPHML,4,42,3.0
LATNET.GRAPHML,4,10,3.0
LATNET.GRAPHML,4,22,3.0
LATNET.GRAPHML,4,63,3.0
MISSOURI.GRAPHML,2,4,6.0
MISSOURI.GRAPHML,2,62,8.0
MISSOURI.GRAPHML,2,17,8.0
MISSOURI.GRAPHML,2,34,8.0
MISSOURI.GRAPHML,2,41,9.0
MISSOURI.GRAPHML,2,2,11.0
MISSOURI.GRAPHML,2,30,9.0
MISSOURI.GRAPHML,2,7,7.0
MISSOURI.GRAPHML,2,11,7.0
MISSOURI.GRAPHML,2,16,7.0
MISSOURI.GRAPHML,2,42,9.0
MISSOURI.GRAPHML,2,45,7.0
MISSOURI.GRAPHML,2,58,10.0
MISSOURI.GRAPHML,2,61,9.0
MISSOURI.GRAPHML,2,9,11.0
MISSOURI.GRAPHML,2,14,8.0
MISSOURI.GRAPHML,2,49,6.0
MISSOURI.GRAPHML,2,66,8.0
MISSOURI.GRAPHML,3,1,8.0
MISSOURI.GRAPHML,3,17,8.0
MISSOURI.GRAPHML,3,11,7.0
MISSOURI.GRAPHML,3,34,8.0
MISSOURI.GRAPHML,3,41,9.0
MISSOURI.GRAPHML,3,9,11.0
MISSOURI.GRAPHML,3,2,12.0
MISSOURI.GRAPHML,3,16,7.0
MISSOURI.GRAPHML,3,30,9.0
MISSOURI.GRAPHML,3,5,7.0
MISSOURI.GRAPHML,3,62,8.0
MISSOURI.GRAPHML,3,14,8.0
MISSOURI.GRAPHML,3,42,9.0
MISSOURI.GRAPHML,3,45,7.0
MISSOURI.GRAPHML,3,12,12.0
MISSOURI.GRAPHML,4,1,8.0
MISSOURI.GRAPHML,4,17,8.0
MISSOURI.GRAPHML,4,11,7.0
MISSOURI.GRAPHML,4,2,12.0
MISSOURI.GRAPHML,4,9,11.0
MISSOURI.GRAPHML,4,41,9.0
MISSOURI.GRAPHML,4,16,7.0
MISSOURI.GRAPHML,4,5,7.0
MISSOURI.GRAPHML,4,30,9.0
MISSOURI.GRAPHML,4,62,8.0
MISSOURI.GRAPHML,4,14,8.0
MISSOURI.GRAPHML,4,42,9.0
MISSOURI.GRAPHML,4,12,12.0
MISSOURI.GRAPHML,4,45,7.0
NET2,2,3,5.0
NET2,2,24,5.0
NET2,2,32,7.0
NET2,2,5,6.0
NET2,2,4,6.0
NET2,2,15,7.0
NET2,2,29,6.0
NET2,2,1,6.0
NET2,2,9,7.0
NET2,2,17,7.0
NET2,3,3,5.0
NET2,3,4,6.0
NET2,3,1,7.0
NET2,3,0,8.0
NET2,3,28,7.0
NET2,3,24,5.0
NET2,3,29,6.0
NET2,3,9,8.0
NET2,3,17,6.0
NET2,4,3,5.0
NET2,4,4,6.0
NET2,4,1,7.0
NET2,4,0,8.0
NET2,4,28,7.0
NET2,4,24,5.0
NET2,4,29,6.0
NET2,4,9,8.0
NET2,4,17,6.0
NIIF.GRAPHML,2,32,1.0
NIIF.GRAPHML,2,23,1.0
NIIF.GRAPHML,3,25,3.0
NIIF.GRAPHML,3,27,4.0
NIIF.GRAPHML,3,19,4.0
NIIF.GRAPHML,3,1,4.0
NIIF.GRAPHML,3,5,4.0
NIIF.GRAPHML,4,12,4.0
NIIF.GRAPHML,4,24,4.0
NIIF.GRAPHML,4,17,4.0
NIIF.GRAPHML,4,19,4.0
NIIF.GRAPHML,4,31,3.0
NIIF.GRAPHML,4,3,4.0
NIIF.GRAPHML,4,5,4.0
NOEL.GRAPHML,2,15,2.0
NOEL.GRAPHML,2,9,2.0
NOEL.GRAPHML,2,18,3.0
NOEL.GRAPHML,2,0,3.0
NOEL.GRAPHML,2,8,3.0
NOEL.GRAPHML,3,3,4.0
NOEL.GRAPHML,3,2,4.0
NOEL.GRAPHML,3,4,5.0
NOEL.GRAPHML,3,12,5.0
NOEL.GRAPHML,3,16,4.0
NOEL.GRAPHML,4,2,2.0
NOEL.GRAPHML,4,0,3.0
NOEL.GRAPHML,4,9,2.0
NOEL.GRAPHML,4,11,3.0
NOEL.GRAPHML,4,15,2.0
PIONIERL3.GRAPHML,2,34,1.0
PIONIERL3.GRAPHML,2,0,2.0
PIONIERL3.GRAPHML,2,6,2.0
PIONIERL3.GRAPHML,2,13,2.0
PIONIERL3.GRAPHML,3,6,5.0
PIONIERL3.GRAPHML,3,13,6.0
PIONIERL3.GRAPHML,3,3,5.0
PIONIERL3.GRAPHML,3,8,6.0
PIONIERL3.GRAPHML,3,20,4.0
PIONIERL3.GRAPHML,3,35,6.0
PIONIERL3.GRAPHML,4,0,2.0
PIONIERL3.GRAPHML,4,6,2.0
PIONIERL3.GRAPHML,4,13,3.0
PIONIERL3.GRAPHML,4,3,3.0
PIONIERL3.GRAPHML,4,1,3.0
REDIRIS.GRAPHML,2,16,1.0
REDIRIS.GRAPHML,2,7,2.0
REDIRIS.GRAPHML,2,9,2.0
REDIRIS.GRAPHML,2,12,2.0
REDIRIS.GRAPHML,2,3,2.0
REDIRIS.GRAPHML,2,6,2.0
REDIRIS.GRAPHML,3,0,4.0
REDIRIS.GRAPHML,3,8,4.0
REDIRIS.GRAPHML,3,13,4.0
REDIRIS.GRAPHML,3,4,4.0
REDIRIS.GRAPHML,3,10,4.0
REDIRIS.GRAPHML,3,18,3.0
REDIRIS.GRAPHML,3,12,3.0
REDIRIS.GRAPHML,4,3,3.0
REDIRIS.GRAPHML,4,6,3.0
REDIRIS.GRAPHML,4,13,3.0
REDIRIS.GRAPHML,4,8,3.0
RENATER2010.GRAPHML,2,31,2.0
RENATER2010.GRAPHML,2,32,1.0
RENATER2010.GRAPHML,2,2,2.0
RENATER2010.GRAPHML,3,5,4.0
RENATER2010.GRAPHML,3,30,3.0
RENATER2010.GRAPHML,3,3,3.0
RENATER2010.GRAPHML,3,13,4.0
RENATER2010.GRAPHML,4,0,3.0
RENATER2010.GRAPHML,4,2,2.0
RENATER2010.GRAPHML,4,32,3.0
RHNET.GRAPHML,2,10,3.0
RHNET.GRAPHML,2,1,4.0
RHNET.GRAPHML,2,11,4.0
RHNET.GRAPHML,2,9,2.0
RHNET.GRAPHML,2,15,4.0
RHNET.GRAPHML,3,1,2.0
RHNET.GRAPHML,3,9,2.0
RHNET.GRAPHML,3,11,2.0
RHNET.GRAPHML,4,1,2.0
RHNET.GRAPHML,4,9,2.0
RHNET.GRAPHML,4,11,2.0
RNP.GRAPHML,2,5,2.0
RNP.GRAPHML,2,16,2.0
RNP.GRAPHML,2,9,2.0
RNP.GRAPHML,2,4,2.0
RNP.GRAPHML,3,5,5.0
RNP.GRAPHML,3,9,7.0
RNP.GRAPHML,3,4,6.0
RNP.GRAPHML,3,0,8.0
RNP.GRAPHML,3,2,7.0
RNP.GRAPHML,3,1,8.0
RNP.GRAPHML,3,16,6.0
RNP.GRAPHML,4,5,5.0
RNP.GRAPHML,4,9,7.0
RNP.GRAPHML,4,4,6.0
RNP.GRAPHML,4,0,7.0
RNP.GRAPHML,4,2,6.0
ROEDUNETFIBRE.GRAPHML,2,4,5.0
ROEDUNETFIBRE.GRAPHML,2,42,6.0
ROEDUNETFIBRE.GRAPHML,2,16,5.0
ROEDUNETFIBRE.GRAPHML,2,0,5.0
ROEDUNETFIBRE.GRAPHML,2,27,6.0
ROEDUNETFIBRE.GRAPHML,2,25,5.0
ROEDUNETFIBRE.GRAPHML,2,44,6.0
ROEDUNETFIBRE.GRAPHML,3,4,6.0
ROEDUNETFIBRE.GRAPHML,3,0,6.0
ROEDUNETFIBRE.GRAPHML,3,2,5.0
ROEDUNETFIBRE.GRAPHML,3,16,5.0
ROEDUNETFIBRE.GRAPHML,3,25,4.0
ROEDUNETFIBRE.GRAPHML,3,13,4.0
ROEDUNETFIBRE.GRAPHML,3,22,6.0
ROEDUNETFIBRE.GRAPHML,4,4,6.0
ROEDUNETFIBRE.GRAPHML,4,0,6.0
ROEDUNETFIBRE.GRAPHML,4,2,5.0
ROEDUNETFIBRE.GRAPHML,4,16,5.0
ROEDUNETFIBRE.GRAPHML,4,13,4.0
ROEDUNETFIBRE.GRAPHML,4,22,6.0
ROEDUNETFIBRE.GRAPHML,4,25,4.0
SINET.GRAPHML,2,34,3.0
SINET.GRAPHML,2,35,2.0
SINET.GRAPHML,2,20,3.0
SINET.GRAPHML,2,24,3.0
SINET.GRAPHML,2,49,3.0
SINET.GRAPHML,3,66,5.0
SINET.GRAPHML,3,70,6.0
SINET.GRAPHML,3,4,5.0
SINET.GRAPHML,3,18,4.0
SINET.GRAPHML,3,52,5.0
SINET.GRAPHML,3,6,6.0
SINET.GRAPHML,3,35,5.0
SINET.GRAPHML,3,0,5.0
SINET.GRAPHML,4,73,6.0
SINET.GRAPHML,4,70,6.0
SINET.GRAPHML,4,63,6.0
SINET.GRAPHML,4,66,5.0
SINET.GRAPHML,4,27,6.0
SINET.GRAPHML,4,50,4.0
SINET.GRAPHML,4,57,5.0
SINET.GRAPHML,4,52,5.0
SPRINT,2,4,1.0
SPRINT,2,10,2.0
SPRINT,2,0,2.0
SPRINT,3,1,4.0
SPRINT,3,3,3.0
SPRINT,3,2,4.0
SPRINT,4,2,3.0
SPRINT,4,10,3.0
SPRINT,4,9,3.0
SUNET.GRAPHML,2,2,5.0
SUNET.GRAPHML,2,16,4.0
SUNET.GRAPHML,2,1,5.0
SUNET.GRAPHML,2,9,6.0
SUNET.GRAPHML,2,10,7.0
SUNET.GRAPHML,2,22,7.0
SUNET.GRAPHML,3,1,5.0
SUNET.GRAPHML,3,2,5.0
SUNET.GRAPHML,3,9,5.0
SUNET.GRAPHML,3,10,5.0
SUNET.GRAPHML,3,16,4.0
SUNET.GRAPHML,4,1,5.0
SUNET.GRAPHML,4,2,5.0
SUNET.GRAPHML,4,9,5.0
SUNET.GRAPHML,4,17,5.0
SUNET.GRAPHML,4,10,5.0
SURFNET.GRAPHML,2,8,1.0
SURFNET.GRAPHML,2,30,2.0
SURFNET.GRAPHML,2,38,2.0
SURFNET.GRAPHML,2,47,2.0
SURFNET.GRAPHML,3,13,6.0
SURFNET.GRAPHML,3,3,8.0
SURFNET.GRAPHML,3,2,9.0
SURFNET.GRAPHML,3,22,5.0
SURFNET.GRAPHML,3,8,6.0
SURFNET.GRAPHML,3,20,9.0
SURFNET.GRAPHML,3,35,7.0
SURFNET.GRAPHML,3,38,5.0
SURFNET.GRAPHML,3,14,7.0
SURFNET.GRAPHML,3,24,6.0
SURFNET.GRAPHML,3,32,6.0
SURFNET.GRAPHML,4,8,3.0
SURFNET.GRAPHML,4,1,3.0
SURFNET.GRAPHML,4,4,3.0
SURFNET.GRAPHML,4,3,4.0
SURFNET.GRAPHML,4,2,5.0
SURFNET.GRAPHML,4,19,5.0
SURFNET.GRAPHML,4,30,4.0
SURFNET.GRAPHML,4,13,5.0
SWITCHL3.GRAPHML,2,35,2.0
SWITCHL3.GRAPHML,2,7,3.0
SWITCHL3.GRAPHML,2,34,3.0
SWITCHL3.GRAPHML,2,37,3.0
SWITCHL3.GRAPHML,2,30,2.0
SWITCHL3.GRAPHML,2,31,4.0
SWITCHL3.GRAPHML,2,1,3.0
SWITCHL3.GRAPHML,2,23,4.0
SWITCHL3.GRAPHML,3,34,4.0
SWITCHL3.GRAPHML,3,32,3.0
SWITCHL3.GRAPHML,3,33,4.0
SWITCHL3.GRAPHML,3,12,5.0
SWITCHL3.GRAPHML,3,0,4.0
SWITCHL3.GRAPHML,3,22,5.0
SWITCHL3.GRAPHML,4,39,5.0
SWITCHL3.GRAPHML,4,16,5.0
SWITCHL3.GRAPHML,4,41,4.0
SWITCHL3.GRAPHML,4,27,5.0
SWITCHL3.GRAPHML,4,34,5.0
SWITCHL3.GRAPHML,4,20,5.0
SWITCHL3.GRAPHML,4,24,5.0
SWITCHL3.GRAPHML,4,28,4.0
SWITCHL3.GRAPHML,4,22,5.0
SWITCHL3.GRAPHML,4,23,5.0
TATANLD.GRAPHML,2,52,18.0
TATANLD.GRAPHML,2,71,12.0
TATANLD.GRAPHML,2,46,18.0
TATANLD.GRAPHML,2,98,11.0
TATANLD.GRAPHML,2,95,13.0
TATANLD.GRAPHML,2,120,14.0
TATANLD.GRAPHML,2,25,15.0
TATANLD.GRAPHML,2,37,18.0
TATANLD.GRAPHML,2,128,17.0
TATANLD.GRAPHML,2,81,15.0
TATANLD.GRAPHML,2,129,22.0
TATANLD.GRAPHML,2,97,12.0
TATANLD.GRAPHML,2,32,21.0
TATANLD.GRAPHML,2,60,11.0
TATANLD.GRAPHML,2,76,13.0
TATANLD.GRAPHML,2,91,16.0
TATANLD.GRAPHML,2,141,22.0
TATANLD.GRAPHML,2,23,16.0
TATANLD.GRAPHML,2,47,19.0
TATANLD.GRAPHML,2,104,12.0
TATANLD.GRAPHML,2,119,15.0
TATANLD.GRAPHML,3,1,16.0
TATANLD.GRAPHML,3,25,16.0
TATANLD.GRAPHML,3,52,16.0
TATANLD.GRAPHML,3,71,11.0
TATANLD.GRAPHML,3,46,17.0
TATANLD.GRAPHML,3,23,17.0
TATANLD.GRAPHML,3,32,19.0
TATANLD.GRAPHML,3,12,14.0
TATANLD.GRAPHML,3,15,12.0
TATANLD.GRAPHML,3,37,19.0
TATANLD.GRAPHML,3,95,12.0
TATANLD.GRAPHML,3,19,13.0
TATANLD.GRAPHML,3,47,18.0
TATANLD.GRAPHML,3,26,15.0
TATANLD.GRAPHML,3,11,13.0
TATANLD.GRAPHML,3,53,15.0
TATANLD.GRAPHML,3,98,12.0
TATANLD.GRAPHML,3,60,10.0
TATANLD.GRAPHML,3,97,13.0
TATANLD.GRAPHML,3,76,14.0
TATANLD.GRAPHML,3,0,17.0
TATANLD.GRAPHML,3,3,19.0
TATANLD.GRAPHML,3,120,13.0
TATANLD.GRAPHML,4,1,16.0
TATANLD.GRAPHML,4,25,16.0
TATANLD.GRAPHML,4,71,11.0
TATANLD.GRAPHML,4,52,16.0
TATANLD.GRAPHML,4,23,17.0
TATANLD.GRAPHML,4,46,17.0
TATANLD.GRAPHML,4,32,19.0
TATANLD.GRAPHML,4,15,12.0
TATANLD.GRAPHML,4,12,14.0
TATANLD.GRAPHML,4,19,13.0
TATANLD.GRAPHML,4,95,12.0
TATANLD.GRAPHML,4,47,18.0
TATANLD.GRAPHML,4,37,19.0
TATANLD.GRAPHML,4,27,15.0
TATANLD.GRAPHML,4,53,15.0
TATANLD.GRAPHML,4,11,13.0
TATANLD.GRAPHML,4,97,13.0
TATANLD.GRAPHML,4,60,10.0
TATANLD.GRAPHML,4,3,19.0
TATANLD.GRAPHML,4,98,12.0
TATANLD.GRAPHML,4,76,14.0
TINET.GRAPHML,2,34,2.0
TINET.GRAPHML,2,37,2.0
TINET.GRAPHML,2,41,3.0
TINET.GRAPHML,2,5,3.0
TINET.GRAPHML,2,8,3.0
TINET.GRAPHML,2,4,3.0
TINET.GRAPHML,2,35,3.0
TINET.GRAPHML,3,7,5.0
TINET.GRAPHML,3,18,7.0
TINET.GRAPHML,3,23,7.0
TINET.GRAPHML,3,12,7.0
TINET.GRAPHML,4,48,8.0
TINET.GRAPHML,4,46,6.0
TINET.GRAPHML,4,52,9.0
TINET.GRAPHML,4,36,7.0
TINET.GRAPHML,4,30,8.0
TINET.GRAPHML,4,40,7.0
TINET.GRAPHML,4,13,9.0
TINET.GRAPHML,4,38,6.0
TINET.GRAPHML,4,32,7.0
TINET.GRAPHML,4,16,8.0
TINET.GRAPHML,4,28,8.0
ULAKNET.GRAPHML,2,76,1.0
ULAKNET.GRAPHML,2,75,1.0
ULAKNET.GRAPHML,2,74,1.0
ULAKNET.GRAPHML,3,37,4.0
ULAKNET.GRAPHML,3,38,4.0
ULAKNET.GRAPHML,3,39,4.0
ULAKNET.GRAPHML,3,40,4.0
ULAKNET.GRAPHML,3,81,4.0
ULAKNET.GRAPHML,3,76,2.0
ULAKNET.GRAPHML,4,74,1.0
ULAKNET.GRAPHML,4,75,1.0
UNINETT2010.GRAPHML,2,66,2.0
UNINETT2010.GRAPHML,2,3,3.0
UNINETT2010.GRAPHML,2,67,3.0
UNINETT2010.GRAPHML,2,0,3.0
UNINETT2010.GRAPHML,2,1,3.0
UNINETT2010.GRAPHML,2,17,3.0
UNINETT2010.GRAPHML,2,37,4.0
UNINETT2010.GRAPHML,2,41,4.0
UNINETT2010.GRAPHML,3,26,6.0
UNINETT2010.GRAPHML,3,2,7.0
UNINETT2010.GRAPHML,3,17,6.0
UNINETT2010.GRAPHML,3,9,7.0
UNINETT2010.GRAPHML,3,32,6.0
UNINETT2010.GRAPHML,3,0,6.0
UNINETT2010.GRAPHML,3,5,8.0
UNINETT2010.GRAPHML,3,3,6.0
UNINETT2010.GRAPHML,3,28,8.0
UNINETT2010.GRAPHML,3,31,7.0
UNINETT2010.GRAPHML,3,51,5.0
UNINETT2010.GRAPHML,3,53,8.0
UNINETT2010.GRAPHML,3,46,6.0
UNINETT2010.GRAPHML,3,11,7.0
UNINETT2010.GRAPHML,4,1,4.0
UNINETT2010.GRAPHML,4,0,4.0
UNINETT2010.GRAPHML,4,8,5.0
UNINETT2010.GRAPHML,4,10,5.0
UNINETT2010.GRAPHML,4,17,5.0
UNINETT2010.GRAPHML,4,22,5.0
UNINETT2010.GRAPHML,4,9,6.0
UNINETT2010.GRAPHML,4,2,5.0
UNINETT2010.GRAPHML,4,26,5.0
UNINETT2010.GRAPHML,4,66,4.0
UNINETT2010.GRAPHML,4,6,5.0
UNINETT2010.GRAPHML,4,5,6.0
UNINETT2010.GRAPHML,4,29,6.0
UNINETT2010.GRAPHML,4,67,4.0
UNINETT2010.GRAPHML,4,7,6.0
USCARRIER,2,7,12.0
USCARRIER,2,77,16.0
USCARRIER,2,109,11.0
USCARRIER,2,50,18.0
USCARRIER,2,133,15.0
USCARRIER,2,18,11.0
USCARRIER,2,119,12.0
USCARRIER,2,9,13.0
USCARRIER,2,57,19.0
USCARRIER,2,103,15.0
USCARRIER,2,106,12.0
USCARRIER,2,86,14.0
USCARRIER,2,135,17.0
USCARRIER,2,33,13.0
USCARRIER,2,53,17.0
USCARRIER,2,91,12.0
USCARRIER,2,97,13.0
USCARRIER,2,157,19.0
USCARRIER,2,124,17.0
USCARRIER,3,7,12.0
USCARRIER,3,50,20.0
USCARRIER,3,19,13.0
USCARRIER,3,57,21.0
USCARRIER,3,15,14.0
USCARRIER,3,77,16.0
USCARRIER,3,109,12.0
USCARRIER,3,30,17.0
USCARRIER,3,6,20.0
USCARRIER,3,26,14.0
USCARRIER,3,53,19.0
USCARRIER,3,2,17.0
USCARRIER,3,4,19.0
USCARRIER,3,86,14.0
USCARRIER,3,34,16.0
USCARRIER,3,69,17.0
USCARRIER,3,119,12.0
USCARRIER,3,24,13.0
USCARRIER,3,16,15.0
USCARRIER,3,103,15.0
USCARRIER,3,106,13.0
USCARRIER,3,32,14.0
USCARRIER,3,36,16.0
USCARRIER,3,39,16.0
USCARRIER,3,61,19.0
USCARRIER,3,46,21.0
USCARRIER,3,91,14.0
USCARRIER,3,76,18.0
USCARRIER,3,51,21.0
USCARRIER,3,52,20.0
USCARRIER,3,133,15.0
USCARRIER,4,7,12.0
USCARRIER,4,50,20.0
USCARRIER,4,19,13.0
USCARRIER,4,15,14.0
USCARRIER,4,57,21.0
USCARRIER,4,77,16.0
USCARRIER,4,109,12.0
USCARRIER,4,6,20.0
USCARRIER,4,26,14.0
USCARRIER,4,30,17.0
USCARRIER,4,4,19.0
USCARRIER,4,2,17.0
USCARRIER,4,53,19.0
USCARRIER,4,86,14.0
USCARRIER,4,34,16.0
USCARRIER,4,69,17.0
USCARRIER,4,119,12.0
USCARRIER,4,16,15.0
USCARRIER,4,24,13.0
USCARRIER,4,39,16.0
USCARRIER,4,36,16.0
USCARRIER,4,32,14.0
USCARRIER,4,61,19.0
USCARRIER,4,103,15.0
USCARRIER,4,106,13.0
USCARRIER,4,46,21.0
USCARRIER,4,51,21.0
USCARRIER,4,52,20.0
USCARRIER,4,76,18.0
USCARRIER,4,91,14.0
USCARRIER,4,133,15.0
USCARRIER.GRAPHML,2,7,12.0
USCARRIER.GRAPHML,2,77,16.0
USCARRIER.GRAPHML,2,109,11.0
USCARRIER.GRAPHML,2,50,18.0
USCARRIER.GRAPHML,2,133,15.0
USCARRIER.GRAPHML,2,18,11.0
USCARRIER.GRAPHML,2,119,12.0
USCARRIER.GRAPHML,2,9,13.0
USCARRIER.GRAPHML,2,57,19.0
USCARRIER.GRAPHML,2,103,15.0
USCARRIER.GRAPHML,2,106,12.0
USCARRIER.GRAPHML,2,86,14.0
USCARRIER.GRAPHML,2,135,17.0
USCARRIER.GRAPHML,2,33,13.0
USCARRIER.GRAPHML,2,53,17.0
USCARRIER.GRAPHML,2,91,12.0
USCARRIER.GRAPHML,2,97,13.0
USCARRIER.GRAPHML,2,157,19.0
USCARRIER.GRAPHML,2,124,17.0
USCARRIER.GRAPHML,3,7,12.0
USCARRIER.GRAPHML,3,50,20.0
USCARRIER.GRAPHML,3,19,13.0
USCARRIER.GRAPHML,3,57,21.0
USCARRIER.GRAPHML,3,15,14.0
USCARRIER.GRAPHML,3,77,16.0
USCARRIER.GRAPHML,3,109,12.0
USCARRIER.GRAPHML,3,30,17.0
USCARRIER.GRAPHML,3,6,20.0
USCARRIER.GRAPHML,3,26,14.0
USCARRIER.GRAPHML,3,53,19.0
USCARRIER.GRAPHML,3,2,17.0
USCARRIER.GRAPHML,3,4,19.0
USCARRIER.GRAPHML,3,86,14.0
USCARRIER.GRAPHML,3,34,16.0
USCARRIER.GRAPHML,3,69,17.0
USCARRIER.GRAPHML,3,119,12.0
USCARRIER.GRAPHML,3,24,13.0
USCARRIER.GRAPHML,3,16,15.0
USCARRIER.GRAPHML,3,103,15.0
USCARRIER.GRAPHML,3,106,13.0
USCARRIER.GRAPHML,3,32,14.0
USCARRIER.GRAPHML,3,36,16.0
USCARRIER.GRAPHML,3,39,16.0
USCARRIER.GRAPHML,3,61,19.0
USCARRIER.GRAPHML,3,46,21.0
USCARRIER.GRAPHML,3,91,14.0
USCARRIER.GRAPHML,3,76,18.0
USCARRIER.GRAPHML,3,51,21.0
USCARRIER.GRAPHML,3,52,20.0
USCARRIER.GRAPHML,3,133,15.0
USCARRIER.GRAPHML,4,7,12.0
USCARRIER.GRAPHML,4,50,20.0
USCARRIER.GRAPHML,4,19,13.0
USCARRIER.GRAPHML,4,15,14.0
USCARRIER.GRAPHML,4,57,21.0
USCARRIER.GRAPHML,4,77,16.0
USCARRIER.GRAPHML,4,109,12.0
USCARRIER.GRAPHML,4,6,20.0
USCARRIER.GRAPHML,4,26,14.0
USCARRIER.GRAPHML,4,30,17.0
USCARRIER.GRAPHML,4,4,19.0
USCARRIER.GRAPHML,4,2,17.0
USCARRIER.GRAPHML,4,53,19.0
USCARRIER.GRAPHML,4,86,14.0
USCARRIER.GRAPHML,4,34,16.0
USCARRIER.GRAPHML,4,69,17.0
USCARRIER.GRAPHML,4,119,12.0
USCARRIER.GRAPHML,4,16,15.0
USCARRIER.GRAPHML,4,24,13.0
USCARRIER.GRAPHML,4,39,16.0
USCARRIER.GRAPHML,4,36,16.0
USCARRIER.GRAPHML,4,32,14.0
USCARRIER.GRAPHML,4,61,19.0
USCARRIER.GRAPHML,4,103,15.0
USCARRIER.GRAPHML,4,106,13.0
USCARRIER.GRAPHML,4,46,21.0
USCARRIER.GRAPHML,4,51,21.0
USCARRIER.GRAPHML,4,52,20.0
USCARRIER.GRAPHML,4,76,18.0
USCARRIER.GRAPHML,4,91,14.0
USCARRIER.GRAPHML,4,133,15.0
UUNET.GRAPHML,2,13,1.0
UUNET.GRAPHML,2,9,2.0
UUNET.GRAPHML,2,45,2.0
UUNET.GRAPHML,2,25,2.0
UUNET.GRAPHML,2,4,2.0
UUNET.GRAPHML,2,27,2.0
UUNET.GRAPHML,2,31,2.0
UUNET.GRAPHML,2,33,2.0
UUNET.GRAPHML,2,14,2.0
UUNET.GRAPHML,2,43,2.0
UUNET.GRAPHML,3,41,6.0
UUNET.GRAPHML,3,34,5.0
UUNET.GRAPHML,3,44,5.0
UUNET.GRAPHML,3,46,5.0
UUNET.GRAPHML,3,28,5.0
UUNET.GRAPHML,3,17,6.0
UUNET.GRAPHML,3,25,3.0
UUNET.GRAPHML,3,38,5.0
UUNET.GRAPHML,3,7,5.0
UUNET.GRAPHML,3,48,4.0
UUNET.GRAPHML,3,1,6.0
UUNET.GRAPHML,3,4,4.0
UUNET.GRAPHML,4,48,4.0
UUNET.GRAPHML,4,36,6.0
UUNET.GRAPHML,4,39,6.0
UUNET.GRAPHML,4,37,6.0
UUNET.GRAPHML,4,35,5.0
UUNET.GRAPHML,4,47,5.0
UUNET.GRAPHML,4,34,5.0
UUNET.GRAPHML,4,22,4.0
UUNET.GRAPHML,4,43,4.0
UUNET.GRAPHML,4,21,4.0
UUNET.GRAPHML,4,7,4.0
UUNET.GRAPHML,4,5,4.0
