Graph Name,No of sources of Evidences,Controller,Worst-Case Controller to Switch
ABILENE,2,8,1.0
ABILENE,2,9,2.0
ABILENE,2,10,1.0
ABILENE,2,6,1.0
ABILENE,3,7,2.0
ABILENE,3,1,1.0
ABILENE,3,2,1.0
ABILENE,3,6,1.0
ABILENE,4,7,2.0
ABILENE,4,2,1.0
ABILENE,4,5,1.0
ABVT,2,11,169.716
ABVT,2,1,50.099999999999994
ABVT,2,10,17.759
ABVT,2,5,47.464
ABVT,3,1,50.099999999999994
ABVT,3,21,90.789
ABVT,3,7,0.46
ABVT,3,10,13.138
ABVT,4,11,169.716
ABVT,4,1,50.099999999999994
ABVT,4,0,0.46
ABVT,4,2,22.211
ABVT,4,5,2.766
AGIS,2,9,2.0
AGIS,2,19,2.0
AGIS,2,6,1.0
AGIS,2,10,1.0
AGIS,2,3,2.0
AGIS,3,5,2.0
AGIS,3,7,2.0
AGIS,3,2,2.0
AGIS,3,9,2.0
AGIS,3,3,2.0
AGIS,3,14,2.0
AGIS,4,9,2.0
AGIS,4,3,2.0
AGIS,4,19,2.0
AGIS,4,6,1.0
AGIS,4,2,1.0
ARN.GRAPHML,2,22,2.0
ARN.GRAPHML,2,8,1.0
ARN.GRAPHML,2,24,1.0
ARN.GRAPHML,3,8,3.0
ARN.GRAPHML,3,4,2.0
ARN.GRAPHML,4,7,2.0
ARN.GRAPHML,4,29,2.0
ARN.GRAPHML,4,18,2.0
BELLCANADA,2,33,2.0
BELLCANADA,2,2,2.0
BELLCANADA,2,4,1.0
BELLCANADA,2,27,1.0
BELLCANADA,2,16,4.0
BELLCANADA,2,31,3.0
BELLCANADA,2,8,1.0
BELLCANADA,2,14,1.0
BELLCANADA,2,21,2.0
BELLCANADA,2,29,2.0
BELLCANADA,2,45,1.0
BELLCANADA,3,1,2.0
BELLCANADA,3,2,3.0
BELLCANADA,3,8,1.0
BELLCANADA,3,12,3.0
BELLCANADA,3,16,4.0
BELLCANADA,3,33,2.0
BELLCANADA,3,27,2.0
BELLCANADA,3,21,2.0
BELLCANADA,3,13,2.0
BELLCANADA,4,2,3.0
BELLCANADA,4,1,1.0
BELLCANADA,4,8,1.0
BELLCANADA,4,12,3.0
BELLCANADA,4,33,2.0
BELLCANADA,4,16,1.0
BELLCANADA,4,21,2.0
BELLCANADA,4,27,2.0
BELLCANADA,4,13,2.0
BELLCANADA,4,17,3.0
BELLSOUTH.GRAPHML,2,35,3.0
BELLSOUTH.GRAPHML,2,31,1.0
BELLSOUTH.GRAPHML,2,49,3.0
BELLSOUTH.GRAPHML,3,5,2.0
BELLSOUTH.GRAPHML,3,31,4.0
BELLSOUTH.GRAPHML,3,15,1.0
BELLSOUTH.GRAPHML,3,1,1.0
BELLSOUTH.GRAPHML,3,23,2.0
BELLSOUTH.GRAPHML,3,45,1.0
BELLSOUTH.GRAPHML,4,46,3.0
BELLSOUTH.GRAPHML,4,50,1.0
BELLSOUTH.GRAPHML,4,33,1.0
BELLSOUTH.GRAPHML,4,42,1.0
BELLSOUTH.GRAPHML,4,28,2.0
BELLSOUTH.GRAPHML,4,48,3.0
BELLSOUTH.GRAPHML,4,21,2.0
BELLSOUTH.GRAPHML,4,26,1.0
BELLSOUTH.GRAPHML,4,49,2.0
BELLSOUTH.GRAPHML,4,31,1.0
BICS.GRAPHML,2,19,4.0
BICS.GRAPHML,2,14,1.0
BICS.GRAPHML,2,13,2.0
BICS.GRAPHML,2,22,2.0
BICS.GRAPHML,2,15,1.0
BICS.GRAPHML,2,21,1.0
BICS.GRAPHML,2,1,4.0
BICS.GRAPHML,3,13,2.0
BICS.GRAPHML,3,12,1.0
BICS.GRAPHML,3,24,1.0
BICS.GRAPHML,3,20,2.0
BICS.GRAPHML,3,5,2.0
BICS.GRAPHML,3,16,1.0
BICS.GRAPHML,3,28,1.0
BICS.GRAPHML,4,14,2.0
BICS.GRAPHML,4,13,1.0
BICS.GRAPHML,4,2,1.0
BICS.GRAPHML,4,19,1.0
BICS.GRAPHML,4,15,1.0
BICS.GRAPHML,4,22,2.0
BICS.GRAPHML,4,5,2.0
BICS.GRAPHML,4,16,1.0
BICS.GRAPHML,4,8,1.0
CERNET.GRAPHML,2,21,2.0
CERNET.GRAPHML,2,24,2.0
CERNET.GRAPHML,2,28,2.0
CERNET.GRAPHML,2,37,1.0
CERNET.GRAPHML,3,9,2.0
CERNET.GRAPHML,3,20,2.0
CERNET.GRAPHML,3,26,2.0
CERNET.GRAPHML,3,38,2.0
CERNET.GRAPHML,3,14,2.0
CERNET.GRAPHML,3,12,1.0
CERNET.GRAPHML,3,39,2.0
CERNET.GRAPHML,3,1,1.0
CERNET.GRAPHML,4,38,2.0
CERNET.GRAPHML,4,39,2.0
CERNET.GRAPHML,4,16,2.0
CERNET.GRAPHML,4,30,1.0
CERNET.GRAPHML,4,26,1.0
CERNET.GRAPHML,4,27,1.0
CERNET.GRAPHML,4,20,1.0
CERNET.GRAPHML,4,32,1.0
CERNET.GRAPHML,4,25,2.0
CESNET200706.GRAPHML,2,40,2.0
CESNET200706.GRAPHML,2,7,3.0
CESNET200706.GRAPHML,2,43,1.0
CESNET200706.GRAPHML,2,0,1.0
CESNET200706.GRAPHML,3,28,2.0
CESNET200706.GRAPHML,3,15,1.0
CESNET200706.GRAPHML,3,18,2.0
CESNET200706.GRAPHML,3,14,2.0
CESNET200706.GRAPHML,3,20,1.0
CESNET200706.GRAPHML,3,22,1.0
CESNET200706.GRAPHML,3,36,1.0
CESNET200706.GRAPHML,3,43,2.0
CESNET200706.GRAPHML,3,7,1.0
CESNET200706.GRAPHML,4,6,3.0
CESNET200706.GRAPHML,4,12,3.0
CESNET200706.GRAPHML,4,36,1.0
CESNET200706.GRAPHML,4,30,2.0
CESNET200706.GRAPHML,4,20,1.0
CESNET200706.GRAPHML,4,43,1.0
CHINANET.GRAPHML,2,39,2.0
CHINANET.GRAPHML,2,38,1.0
CHINANET.GRAPHML,2,8,1.0
CHINANET.GRAPHML,2,28,1.0
CHINANET.GRAPHML,2,23,1.0
CHINANET.GRAPHML,2,27,1.0
CHINANET.GRAPHML,2,25,1.0
CHINANET.GRAPHML,3,5,2.0
CHINANET.GRAPHML,3,30,1.0
CHINANET.GRAPHML,3,20,1.0
CHINANET.GRAPHML,3,41,2.0
CHINANET.GRAPHML,3,2,1.0
CHINANET.GRAPHML,3,3,1.0
CHINANET.GRAPHML,3,28,1.0
CHINANET.GRAPHML,3,8,2.0
CHINANET.GRAPHML,3,18,1.0
CHINANET.GRAPHML,4,8,2.0
CHINANET.GRAPHML,4,18,1.0
CHINANET.GRAPHML,4,25,1.0
CHINANET.GRAPHML,4,16,2.0
CHINANET.GRAPHML,4,38,1.0
CHINANET.GRAPHML,4,23,1.0
CHINANET.GRAPHML,4,33,1.0
COGENTCO.GRAPHML,2,183,10.0
COGENTCO.GRAPHML,2,165,4.0
COGENTCO.GRAPHML,2,158,2.0
COGENTCO.GRAPHML,2,154,14.0
COGENTCO.GRAPHML,2,8,10.0
COGENTCO.GRAPHML,2,1,3.0
COGENTCO.GRAPHML,2,77,5.0
COGENTCO.GRAPHML,2,37,13.0
COGENTCO.GRAPHML,3,1,3.0
COGENTCO.GRAPHML,3,8,3.0
COGENTCO.GRAPHML,3,7,5.0
COGENTCO.GRAPHML,3,12,2.0
COGENTCO.GRAPHML,3,2,2.0
COGENTCO.GRAPHML,3,37,2.0
COGENTCO.GRAPHML,3,183,4.0
COGENTCO.GRAPHML,3,4,4.0
COGENTCO.GRAPHML,3,13,2.0
COGENTCO.GRAPHML,3,38,5.0
COGENTCO.GRAPHML,3,14,10.0
COGENTCO.GRAPHML,3,19,5.0
COGENTCO.GRAPHML,3,77,4.0
COGENTCO.GRAPHML,3,158,4.0
COGENTCO.GRAPHML,3,92,4.0
COGENTCO.GRAPHML,3,26,3.0
COGENTCO.GRAPHML,3,5,8.0
COGENTCO.GRAPHML,3,28,5.0
COGENTCO.GRAPHML,4,1,3.0
COGENTCO.GRAPHML,4,8,3.0
COGENTCO.GRAPHML,4,7,5.0
COGENTCO.GRAPHML,4,2,1.0
COGENTCO.GRAPHML,4,12,1.0
COGENTCO.GRAPHML,4,4,4.0
COGENTCO.GRAPHML,4,38,4.0
COGENTCO.GRAPHML,4,14,10.0
COGENTCO.GRAPHML,4,13,2.0
COGENTCO.GRAPHML,4,19,5.0
COGENTCO.GRAPHML,4,5,8.0
COGENTCO.GRAPHML,4,158,2.0
COGENTCO.GRAPHML,4,37,2.0
COGENTCO.GRAPHML,4,28,5.0
COGENTCO.GRAPHML,4,183,4.0
COGENTCO.GRAPHML,4,92,4.0
COGENTCO.GRAPHML,4,77,4.0
COGENTCO.GRAPHML,4,32,1.0
COGENTCO.GRAPHML,4,26,3.0
COGENTCO.GRAPHML,4,70,2.0
COGENTCO.GRAPHML,4,75,1.0
COGENTCO.GRAPHML,4,49,3.0
COLT.GRAPHML,2,152,5.0
COLT.GRAPHML,2,138,8.0
COLT.GRAPHML,2,140,10.0
COLT.GRAPHML,2,142,10.0
COLT.GRAPHML,3,72,2.0
COLT.GRAPHML,3,2,2.0
COLT.GRAPHML,3,18,2.0
COLT.GRAPHML,3,13,2.0
COLT.GRAPHML,3,10,2.0
COLT.GRAPHML,3,0,2.0
COLT.GRAPHML,3,21,2.0
COLT.GRAPHML,3,106,1.0
COLT.GRAPHML,3,109,1.0
COLT.GRAPHML,3,138,2.0
COLT.GRAPHML,3,14,2.0
COLT.GRAPHML,3,68,1.0
COLT.GRAPHML,3,78,2.0
COLT.GRAPHML,3,17,2.0
COLT.GRAPHML,3,15,1.0
COLT.GRAPHML,3,53,3.0
COLT.GRAPHML,3,23,1.0
COLT.GRAPHML,3,75,3.0
COLT.GRAPHML,3,51,1.0
COLT.GRAPHML,3,60,1.0
COLT.GRAPHML,3,39,1.0
COLT.GRAPHML,3,74,2.0
COLT.GRAPHML,3,84,1.0
COLT.GRAPHML,3,63,1.0
COLT.GRAPHML,3,139,2.0
COLT.GRAPHML,3,73,1.0
COLT.GRAPHML,3,107,1.0
COLT.GRAPHML,3,49,1.0
COLT.GRAPHML,3,123,1.0
COLT.GRAPHML,3,86,1.0
COLT.GRAPHML,3,136,1.0
COLT.GRAPHML,3,80,1.0
COLT.GRAPHML,4,66,2.0
COLT.GRAPHML,4,72,4.0
COLT.GRAPHML,4,2,2.0
COLT.GRAPHML,4,10,2.0
COLT.GRAPHML,4,18,2.0
COLT.GRAPHML,4,13,2.0
COLT.GRAPHML,4,0,2.0
COLT.GRAPHML,4,138,8.0
COLT.GRAPHML,4,16,2.0
COLT.GRAPHML,4,106,1.0
COLT.GRAPHML,4,109,2.0
COLT.GRAPHML,4,17,2.0
COLT.GRAPHML,4,54,6.0
COLT.GRAPHML,4,21,3.0
COLT.GRAPHML,4,14,1.0
COLT.GRAPHML,4,140,2.0
COLT.GRAPHML,4,68,1.0
COLT.GRAPHML,4,78,1.0
COLT.GRAPHML,4,51,3.0
COLT.GRAPHML,4,12,1.0
COLT.GRAPHML,4,19,2.0
DELTACOM.GRAPHML,2,47,13.0
DELTACOM.GRAPHML,2,104,5.0
DELTACOM.GRAPHML,2,60,2.0
DELTACOM.GRAPHML,2,3,6.0
DELTACOM.GRAPHML,2,19,7.0
DELTACOM.GRAPHML,3,3,4.0
DELTACOM.GRAPHML,3,47,12.0
DELTACOM.GRAPHML,3,0,4.0
DELTACOM.GRAPHML,3,4,1.0
DELTACOM.GRAPHML,3,6,4.0
DELTACOM.GRAPHML,3,60,3.0
DELTACOM.GRAPHML,3,19,7.0
DELTACOM.GRAPHML,3,1,1.0
DELTACOM.GRAPHML,3,2,12.0
DELTACOM.GRAPHML,4,3,4.0
DELTACOM.GRAPHML,4,47,12.0
DELTACOM.GRAPHML,4,0,4.0
DELTACOM.GRAPHML,4,6,4.0
DELTACOM.GRAPHML,4,60,3.0
DELTACOM.GRAPHML,4,1,1.0
DELTACOM.GRAPHML,4,19,7.0
DELTACOM.GRAPHML,4,2,12.0
DELTACOM.GRAPHML,4,10,1.0
GARR201110.GRAPHML,2,14,3.0
GARR201110.GRAPHML,2,53,2.0
GARR201110.GRAPHML,2,35,2.0
GARR201110.GRAPHML,2,33,1.0
GARR201110.GRAPHML,2,18,3.0
GARR201110.GRAPHML,3,56,2.0
GARR201110.GRAPHML,3,16,3.0
GARR201110.GRAPHML,3,20,3.0
GARR201110.GRAPHML,3,43,2.0
GARR201110.GRAPHML,3,1,2.0
GARR201110.GRAPHML,3,40,2.0
GARR201110.GRAPHML,3,13,2.0
GARR201110.GRAPHML,3,39,2.0
GARR201110.GRAPHML,3,51,1.0
GARR201110.GRAPHML,3,52,1.0
GARR201110.GRAPHML,3,58,1.0
GARR201110.GRAPHML,3,33,1.0
GARR201110.GRAPHML,3,14,2.0
GARR201110.GRAPHML,4,51,1.0
GARR201110.GRAPHML,4,50,2.0
GARR201110.GRAPHML,4,55,3.0
GARR201110.GRAPHML,4,39,4.0
GARR201110.GRAPHML,4,49,3.0
GARR201110.GRAPHML,4,30,2.0
GARR201110.GRAPHML,4,43,2.0
GARR201110.GRAPHML,4,57,2.0
GARR201110.GRAPHML,4,54,1.0
GARR201110.GRAPHML,4,7,2.0
GEANT2001,2,3,2.0
GEANT2001,2,20,1.0
GEANT2001,2,2,2.0
GEANT2001,2,21,1.0
GEANT2001,2,9,2.0
GEANT2001,3,7,1.0
GEANT2001,3,19,1.0
GEANT2001,3,5,2.0
GEANT2001,3,20,2.0
GEANT2001,3,18,1.0
GEANT2001,3,9,1.0
GEANT2001,4,17,2.0
GEANT2001,4,26,2.0
GEANT2001,4,25,2.0
GEANT2001,4,11,2.0
GEANT2001,4,12,3.0
GEANT2001,4,7,1.0
GRNET.GRAPHML,2,20,2.0
GRNET.GRAPHML,2,30,3.0
GRNET.GRAPHML,2,8,3.0
GRNET.GRAPHML,2,2,1.0
GRNET.GRAPHML,2,15,1.0
GRNET.GRAPHML,2,24,2.0
GRNET.GRAPHML,3,5,4.0
GRNET.GRAPHML,3,0,5.0
GRNET.GRAPHML,3,26,4.0
GRNET.GRAPHML,3,21,2.0
GRNET.GRAPHML,4,29,4.0
GRNET.GRAPHML,4,16,2.0
GRNET.GRAPHML,4,9,1.0
GRNET.GRAPHML,4,26,4.0
GRNET.GRAPHML,4,4,1.0
GRNET.GRAPHML,4,3,2.0
INTELLIFIBER.GRAPHML,2,46,2.0
INTELLIFIBER.GRAPHML,2,15,4.0
INTELLIFIBER.GRAPHML,2,44,2.0
INTELLIFIBER.GRAPHML,2,23,1.0
INTELLIFIBER.GRAPHML,2,19,4.0
INTELLIFIBER.GRAPHML,2,53,3.0
INTELLIFIBER.GRAPHML,2,6,6.0
INTELLIFIBER.GRAPHML,2,55,1.0
INTELLIFIBER.GRAPHML,2,24,3.0
INTELLIFIBER.GRAPHML,2,34,2.0
INTELLIFIBER.GRAPHML,2,41,1.0
INTELLIFIBER.GRAPHML,3,15,4.0
INTELLIFIBER.GRAPHML,3,1,4.0
INTELLIFIBER.GRAPHML,3,19,4.0
INTELLIFIBER.GRAPHML,3,5,1.0
INTELLIFIBER.GRAPHML,3,7,2.0
INTELLIFIBER.GRAPHML,3,2,2.0
INTELLIFIBER.GRAPHML,3,46,2.0
INTELLIFIBER.GRAPHML,3,24,3.0
INTELLIFIBER.GRAPHML,3,16,1.0
INTELLIFIBER.GRAPHML,3,53,3.0
INTELLIFIBER.GRAPHML,3,3,2.0
INTELLIFIBER.GRAPHML,3,9,2.0
INTELLIFIBER.GRAPHML,3,34,2.0
INTELLIFIBER.GRAPHML,3,55,1.0
INTELLIFIBER.GRAPHML,4,15,4.0
INTELLIFIBER.GRAPHML,4,1,4.0
INTELLIFIBER.GRAPHML,4,10,2.0
INTELLIFIBER.GRAPHML,4,7,2.0
INTELLIFIBER.GRAPHML,4,5,1.0
INTELLIFIBER.GRAPHML,4,2,2.0
INTELLIFIBER.GRAPHML,4,16,2.0
INTELLIFIBER.GRAPHML,4,46,1.0
INTELLIFIBER.GRAPHML,4,24,3.0
INTELLIFIBER.GRAPHML,4,9,2.0
INTELLIFIBER.GRAPHML,4,3,2.0
INTELLIFIBER.GRAPHML,4,53,3.0
INTELLIFIBER.GRAPHML,4,34,2.0
INTELLIFIBER.GRAPHML,4,20,3.0
INTELLIFIBER.GRAPHML,4,45,1.0
INTEROUTE.GRAPHML,2,43,1.0
INTEROUTE.GRAPHML,2,32,1.0
INTEROUTE.GRAPHML,2,10,2.0
INTEROUTE.GRAPHML,2,16,1.0
INTEROUTE.GRAPHML,2,18,4.0
INTEROUTE.GRAPHML,2,56,2.0
INTEROUTE.GRAPHML,2,84,2.0
INTEROUTE.GRAPHML,2,57,2.0
INTEROUTE.GRAPHML,2,40,1.0
INTEROUTE.GRAPHML,2,7,2.0
INTEROUTE.GRAPHML,2,33,2.0
INTEROUTE.GRAPHML,2,42,1.0
INTEROUTE.GRAPHML,2,50,4.0
INTEROUTE.GRAPHML,2,72,1.0
INTEROUTE.GRAPHML,2,11,2.0
INTEROUTE.GRAPHML,2,38,1.0
INTEROUTE.GRAPHML,2,45,3.0
INTEROUTE.GRAPHML,2,49,1.0
INTEROUTE.GRAPHML,2,53,3.0
INTEROUTE.GRAPHML,2,37,3.0
INTEROUTE.GRAPHML,2,52,2.0
INTEROUTE.GRAPHML,2,63,1.0
INTEROUTE.GRAPHML,2,101,2.0
INTEROUTE.GRAPHML,2,41,1.0
INTEROUTE.GRAPHML,2,51,3.0
INTEROUTE.GRAPHML,3,32,2.0
INTEROUTE.GRAPHML,3,3,2.0
INTEROUTE.GRAPHML,3,16,2.0
INTEROUTE.GRAPHML,3,56,2.0
INTEROUTE.GRAPHML,3,11,2.0
INTEROUTE.GRAPHML,3,43,1.0
INTEROUTE.GRAPHML,3,2,1.0
INTEROUTE.GRAPHML,3,10,1.0
INTEROUTE.GRAPHML,3,42,1.0
INTEROUTE.GRAPHML,3,50,4.0
INTEROUTE.GRAPHML,3,57,1.0
INTEROUTE.GRAPHML,3,31,1.0
INTEROUTE.GRAPHML,3,37,1.0
INTEROUTE.GRAPHML,3,52,2.0
INTEROUTE.GRAPHML,3,38,2.0
INTEROUTE.GRAPHML,3,45,2.0
INTEROUTE.GRAPHML,3,49,1.0
INTEROUTE.GRAPHML,3,53,2.0
INTEROUTE.GRAPHML,3,40,1.0
INTEROUTE.GRAPHML,3,36,2.0
INTEROUTE.GRAPHML,3,0,1.0
INTEROUTE.GRAPHML,3,1,1.0
INTEROUTE.GRAPHML,3,13,1.0
INTEROUTE.GRAPHML,3,34,1.0
INTEROUTE.GRAPHML,3,30,2.0
INTEROUTE.GRAPHML,3,41,1.0
INTEROUTE.GRAPHML,3,51,3.0
INTEROUTE.GRAPHML,3,63,1.0
INTEROUTE.GRAPHML,4,32,3.0
INTEROUTE.GRAPHML,4,56,3.0
INTEROUTE.GRAPHML,4,3,2.0
INTEROUTE.GRAPHML,4,11,2.0
INTEROUTE.GRAPHML,4,43,1.0
INTEROUTE.GRAPHML,4,2,2.0
INTEROUTE.GRAPHML,4,10,1.0
INTEROUTE.GRAPHML,4,50,4.0
INTEROUTE.GRAPHML,4,42,1.0
INTEROUTE.GRAPHML,4,31,1.0
INTEROUTE.GRAPHML,4,52,2.0
INTEROUTE.GRAPHML,4,37,1.0
INTEROUTE.GRAPHML,4,57,1.0
INTEROUTE.GRAPHML,4,45,2.0
INTEROUTE.GRAPHML,4,53,2.0
INTEROUTE.GRAPHML,4,36,2.0
INTEROUTE.GRAPHML,4,40,1.0
INTEROUTE.GRAPHML,4,1,1.0
INTEROUTE.GRAPHML,4,0,1.0
INTEROUTE.GRAPHML,4,13,1.0
INTEROUTE.GRAPHML,4,34,1.0
INTEROUTE.GRAPHML,4,30,2.0
INTEROUTE.GRAPHML,4,41,1.0
INTEROUTE.GRAPHML,4,51,3.0
INTEROUTE.GRAPHML,4,63,1.0
ION.GRAPHML,2,74,1.0
ION.GRAPHML,2,29,2.0
ION.GRAPHML,2,105,1.0
ION.GRAPHML,2,110,1.0
ION.GRAPHML,2,112,2.0
ION.GRAPHML,2,48,5.0
ION.GRAPHML,2,67,5.0
ION.GRAPHML,2,113,2.0
ION.GRAPHML,2,3,3.0
ION.GRAPHML,2,64,5.0
ION.GRAPHML,2,76,2.0
ION.GRAPHML,2,111,1.0
ION.GRAPHML,2,117,2.0
ION.GRAPHML,2,33,2.0
ION.GRAPHML,2,59,5.0
ION.GRAPHML,2,100,5.0
ION.GRAPHML,2,106,1.0
ION.GRAPHML,2,107,3.0
ION.GRAPHML,2,121,3.0
ION.GRAPHML,2,123,3.0
ION.GRAPHML,3,5,2.0
ION.GRAPHML,3,29,2.0
ION.GRAPHML,3,33,2.0
ION.GRAPHML,3,2,1.0
ION.GRAPHML,3,74,1.0
ION.GRAPHML,3,9,4.0
ION.GRAPHML,3,1,2.0
ION.GRAPHML,3,105,1.0
ION.GRAPHML,3,21,3.0
ION.GRAPHML,3,26,4.0
ION.GRAPHML,3,14,1.0
ION.GRAPHML,3,72,4.0
ION.GRAPHML,3,48,3.0
ION.GRAPHML,3,30,1.0
ION.GRAPHML,3,18,4.0
ION.GRAPHML,3,8,1.0
ION.GRAPHML,3,10,4.0
ION.GRAPHML,3,110,2.0
ION.GRAPHML,3,67,4.0
ION.GRAPHML,3,20,4.0
ION.GRAPHML,3,0,1.0
ION.GRAPHML,3,59,4.0
ION.GRAPHML,3,19,1.0
ION.GRAPHML,3,28,4.0
ION.GRAPHML,3,112,1.0
ION.GRAPHML,4,5,2.0
ION.GRAPHML,4,33,2.0
ION.GRAPHML,4,29,2.0
ION.GRAPHML,4,2,1.0
ION.GRAPHML,4,74,1.0
ION.GRAPHML,4,9,4.0
ION.GRAPHML,4,1,2.0
ION.GRAPHML,4,105,1.0
ION.GRAPHML,4,15,1.0
ION.GRAPHML,4,14,1.0
ION.GRAPHML,4,72,4.0
ION.GRAPHML,4,26,4.0
ION.GRAPHML,4,22,3.0
ION.GRAPHML,4,32,1.0
ION.GRAPHML,4,10,4.0
ION.GRAPHML,4,8,1.0
ION.GRAPHML,4,48,2.0
ION.GRAPHML,4,18,4.0
ION.GRAPHML,4,110,2.0
ION.GRAPHML,4,67,4.0
ION.GRAPHML,4,20,4.0
ION.GRAPHML,4,59,4.0
ION.GRAPHML,4,19,1.0
ION.GRAPHML,4,28,4.0
ION.GRAPHML,4,49,2.0
ION.GRAPHML,4,112,1.0
JANETBACKBONE.GRAPHML,2,13,1.0
JANETBACKBONE.GRAPHML,2,12,2.0
JANETBACKBONE.GRAPHML,2,17,2.0
JANETBACKBONE.GRAPHML,2,14,1.0
JANETBACKBONE.GRAPHML,2,11,1.0
JANETBACKBONE.GRAPHML,3,14,2.0
JANETBACKBONE.GRAPHML,3,3,2.0
JANETBACKBONE.GRAPHML,3,15,2.0
JANETBACKBONE.GRAPHML,3,25,1.0
JANETBACKBONE.GRAPHML,3,20,1.0
JANETBACKBONE.GRAPHML,3,1,1.0
JANETBACKBONE.GRAPHML,3,22,1.0
JANETBACKBONE.GRAPHML,3,27,1.0
JANETBACKBONE.GRAPHML,4,27,2.0
JANETBACKBONE.GRAPHML,4,22,1.0
JANETBACKBONE.GRAPHML,4,28,1.0
JANETBACKBONE.GRAPHML,4,16,3.0
JANETBACKBONE.GRAPHML,4,20,1.0
JANETBACKBONE.GRAPHML,4,15,2.0
JANETBACKBONE.GRAPHML,4,25,1.0
JANETBACKBONE.GRAPHML,4,14,1.0
KDL,2,408,3.0
KDL,2,201,2.0
KDL,2,715,10.0
KDL,2,52,4.0
KDL,2,512,5.0
KDL,2,98,3.0
KDL,2,233,5.0
KDL,2,25,10.0
KDL,2,670,16.0
KDL,2,230,5.0
KDL,2,495,3.0
KDL,2,509,2.0
KDL,2,131,14.0
KDL,2,196,8.0
KDL,2,594,4.0
KDL,2,204,1.0
KDL,2,195,4.0
KDL,2,428,10.0
KDL,2,624,3.0
KDL,2,704,5.0
KDL,2,725,2.0
KDL,2,162,4.0
KDL,2,32,5.0
KDL,2,553,6.0
KDL,2,137,4.0
KDL,2,200,1.0
KDL,2,561,4.0
KDL,2,18,3.0
KDL,2,151,5.0
KDL,2,293,6.0
KDL,2,455,14.0
KDL,2,472,9.0
KDL,2,680,2.0
KDL,2,588,16.0
KDL,2,74,6.0
KDL,2,147,9.0
KDL,2,315,6.0
KDL,2,354,2.0
KDL,2,487,3.0
KDL,2,571,12.0
KDL,2,590,2.0
KDL,2,690,3.0
KDL,2,741,2.0
KDL,2,87,1.0
KDL,2,508,1.0
KDL,2,613,2.0
KDL,2,729,1.0
KDL,3,201,2.0
KDL,3,23,3.0
KDL,3,18,2.0
KDL,3,25,10.0
KDL,3,137,11.0
KDL,3,200,1.0
KDL,3,24,2.0
KDL,3,162,3.0
KDL,3,16,2.0
KDL,3,32,4.0
KDL,3,131,2.0
KDL,3,40,3.0
KDL,3,230,5.0
KDL,3,408,1.0
KDL,3,84,2.0
KDL,3,74,2.0
KDL,3,99,2.0
KDL,3,196,2.0
KDL,3,233,7.0
KDL,3,28,1.0
KDL,3,39,2.0
KDL,3,5,3.0
KDL,3,6,3.0
KDL,3,95,1.0
KDL,3,63,10.0
KDL,3,42,2.0
KDL,3,41,1.0
KDL,3,17,3.0
KDL,3,195,4.0
KDL,3,147,7.0
KDL,3,128,1.0
KDL,3,61,10.0
KDL,3,238,2.0
KDL,3,495,3.0
KDL,3,509,3.0
KDL,3,143,5.0
KDL,3,127,2.0
KDL,3,0,2.0
KDL,3,512,1.0
KDL,3,72,4.0
KDL,3,75,3.0
KDL,3,293,6.0
KDL,3,60,12.0
KDL,3,64,1.0
KDL,3,239,2.0
KDL,3,242,1.0
KDL,3,247,3.0
KDL,3,44,3.0
KDL,3,171,1.0
KDL,3,22,6.0
KDL,3,112,2.0
KDL,3,71,8.0
KDL,3,79,1.0
KDL,3,65,3.0
KDL,3,561,3.0
KDL,3,20,2.0
KDL,3,21,2.0
KDL,3,205,3.0
KDL,3,182,2.0
KDL,3,153,3.0
KDL,3,161,3.0
KDL,3,1,2.0
KDL,3,2,5.0
KDL,3,3,1.0
KDL,3,4,1.0
KDL,3,411,2.0
KDL,3,110,3.0
KDL,3,130,1.0
KDL,3,106,1.0
KDL,3,338,1.0
KDL,3,83,2.0
KDL,3,76,4.0
KDL,3,320,4.0
KDL,3,315,2.0
KDL,3,262,1.0
KDL,3,50,2.0
KDL,3,54,1.0
KDL,3,234,1.0
KDL,3,206,1.0
KDL,3,8,5.0
KDL,3,9,8.0
KDL,3,10,1.0
KDL,3,11,2.0
KDL,3,12,5.0
KDL,3,438,2.0
KDL,3,455,5.0
KDL,3,472,8.0
KDL,3,390,2.0
KDL,3,125,2.0
KDL,3,428,6.0
KDL,3,100,2.0
KDL,3,354,5.0
KDL,3,314,2.0
KDL,3,56,1.0
KDL,3,58,2.0
KDL,3,19,3.0
KDL,3,26,2.0
KDL,3,31,1.0
KDL,3,183,2.0
KDL,3,466,5.0
KDL,3,140,4.0
KDL,3,145,1.0
KDL,3,149,2.0
KDL,3,105,4.0
KDL,3,107,2.0
KDL,3,126,12.0
KDL,3,68,1.0
KDL,3,302,4.0
KDL,3,268,1.0
KDL,3,594,2.0
KDL,3,226,1.0
KDL,3,246,1.0
KDL,3,505,4.0
KDL,3,141,3.0
KDL,3,158,1.0
KDL,3,160,1.0
KDL,3,487,1.0
KDL,3,424,5.0
KDL,3,85,3.0
KDL,3,102,5.0
KDL,4,201,2.0
KDL,4,18,2.0
KDL,4,23,3.0
KDL,4,25,10.0
KDL,4,137,11.0
KDL,4,87,2.0
KDL,4,200,1.0
KDL,4,24,2.0
KDL,4,32,4.0
KDL,4,162,3.0
KDL,4,16,2.0
KDL,4,131,2.0
KDL,4,408,1.0
KDL,4,230,5.0
KDL,4,40,2.0
KDL,4,84,4.0
KDL,4,74,2.0
KDL,4,233,7.0
KDL,4,196,2.0
KDL,4,99,2.0
KDL,4,39,2.0
KDL,4,28,1.0
KDL,4,6,3.0
KDL,4,5,1.0
KDL,4,95,1.0
KDL,4,63,10.0
KDL,4,42,2.0
KDL,4,41,1.0
KDL,4,195,4.0
KDL,4,147,7.0
KDL,4,17,3.0
KDL,4,128,1.0
KDL,4,61,10.0
KDL,4,238,2.0
KDL,4,509,3.0
KDL,4,495,3.0
KDL,4,512,1.0
KDL,4,143,5.0
KDL,4,127,2.0
KDL,4,0,2.0
KDL,4,293,6.0
KDL,4,75,3.0
KDL,4,72,4.0
KDL,4,64,1.0
KDL,4,60,12.0
KDL,4,247,3.0
KDL,4,242,1.0
KDL,4,239,2.0
KDL,4,44,3.0
KDL,4,22,6.0
KDL,4,171,1.0
KDL,4,112,2.0
KDL,4,79,1.0
KDL,4,71,8.0
KDL,4,65,3.0
KDL,4,561,3.0
KDL,4,205,3.0
KDL,4,182,2.0
KDL,4,21,2.0
KDL,4,20,2.0
KDL,4,161,3.0
KDL,4,153,3.0
KDL,4,411,2.0
KDL,4,130,1.0
KDL,4,110,3.0
KDL,4,106,1.0
KDL,4,4,1.0
KDL,4,3,1.0
KDL,4,2,5.0
KDL,4,1,2.0
KDL,4,338,1.0
KDL,4,83,2.0
KDL,4,320,4.0
KDL,4,315,2.0
KDL,4,76,4.0
KDL,4,262,1.0
KDL,4,54,1.0
KDL,4,50,2.0
KDL,4,234,1.0
KDL,4,206,1.0
KDL,4,438,2.0
KDL,4,472,8.0
KDL,4,455,5.0
KDL,4,13,1.0
KDL,4,12,6.0
KDL,4,10,1.0
KDL,4,9,8.0
KDL,4,8,5.0
KDL,4,391,1.0
KDL,4,390,2.0
KDL,4,428,6.0
KDL,4,125,2.0
KDL,4,354,5.0
KDL,4,100,2.0
KDL,4,314,2.0
KDL,4,58,2.0
KDL,4,56,1.0
KDL,4,183,2.0
KDL,4,31,1.0
KDL,4,26,2.0
KDL,4,19,3.0
KDL,4,466,5.0
KDL,4,149,2.0
KDL,4,145,1.0
KDL,4,140,4.0
KDL,4,126,12.0
KDL,4,107,2.0
KDL,4,105,5.0
KDL,4,302,4.0
KDL,4,68,1.0
KDL,4,594,2.0
KDL,4,268,1.0
KDL,4,246,1.0
KDL,4,226,1.0
KDL,4,505,4.0
KDL,4,487,1.0
KDL,4,160,1.0
KDL,4,158,1.0
KDL,4,141,3.0
KDL,4,424,5.0
LATNET.GRAPHML,2,30,9.0
LATNET.GRAPHML,2,42,2.0
LATNET.GRAPHML,2,48,2.0
LATNET.GRAPHML,2,22,2.0
LATNET.GRAPHML,3,23,3.0
LATNET.GRAPHML,3,6,3.0
LATNET.GRAPHML,3,56,1.0
LATNET.GRAPHML,3,66,2.0
LATNET.GRAPHML,3,19,2.0
LATNET.GRAPHML,3,38,7.0
LATNET.GRAPHML,3,11,2.0
LATNET.GRAPHML,3,63,1.0
LATNET.GRAPHML,3,5,1.0
LATNET.GRAPHML,3,20,1.0
LATNET.GRAPHML,3,32,1.0
LATNET.GRAPHML,4,48,10.0
LATNET.GRAPHML,4,42,2.0
LATNET.GRAPHML,4,10,1.0
LATNET.GRAPHML,4,22,2.0
LATNET.GRAPHML,4,63,1.0
MISSOURI.GRAPHML,2,4,2.0
MISSOURI.GRAPHML,2,62,1.0
MISSOURI.GRAPHML,2,17,4.0
MISSOURI.GRAPHML,2,34,1.0
MISSOURI.GRAPHML,2,41,1.0
MISSOURI.GRAPHML,2,2,1.0
MISSOURI.GRAPHML,2,30,3.0
MISSOURI.GRAPHML,2,7,1.0
MISSOURI.GRAPHML,2,11,1.0
MISSOURI.GRAPHML,2,16,4.0
MISSOURI.GRAPHML,2,42,3.0
MISSOURI.GRAPHML,2,45,1.0
MISSOURI.GRAPHML,2,58,1.0
MISSOURI.GRAPHML,2,61,1.0
MISSOURI.GRAPHML,2,9,2.0
MISSOURI.GRAPHML,2,14,1.0
MISSOURI.GRAPHML,2,49,3.0
MISSOURI.GRAPHML,2,66,3.0
MISSOURI.GRAPHML,3,1,5.0
MISSOURI.GRAPHML,3,17,4.0
MISSOURI.GRAPHML,3,11,1.0
MISSOURI.GRAPHML,3,34,2.0
MISSOURI.GRAPHML,3,41,1.0
MISSOURI.GRAPHML,3,9,2.0
MISSOURI.GRAPHML,3,2,2.0
MISSOURI.GRAPHML,3,16,5.0
MISSOURI.GRAPHML,3,30,1.0
MISSOURI.GRAPHML,3,5,1.0
MISSOURI.GRAPHML,3,62,1.0
MISSOURI.GRAPHML,3,14,1.0
MISSOURI.GRAPHML,3,42,3.0
MISSOURI.GRAPHML,3,45,1.0
MISSOURI.GRAPHML,3,12,2.0
MISSOURI.GRAPHML,4,1,5.0
MISSOURI.GRAPHML,4,17,4.0
MISSOURI.GRAPHML,4,11,3.0
MISSOURI.GRAPHML,4,2,2.0
MISSOURI.GRAPHML,4,9,2.0
MISSOURI.GRAPHML,4,41,1.0
MISSOURI.GRAPHML,4,16,5.0
MISSOURI.GRAPHML,4,5,1.0
MISSOURI.GRAPHML,4,30,1.0
MISSOURI.GRAPHML,4,62,2.0
MISSOURI.GRAPHML,4,14,1.0
MISSOURI.GRAPHML,4,42,3.0
MISSOURI.GRAPHML,4,12,2.0
MISSOURI.GRAPHML,4,45,1.0
NET2,2,3,1.0
NET2,2,24,1.0
NET2,2,32,2.0
NET2,2,5,1.0
NET2,2,4,1.0
NET2,2,15,1.0
NET2,2,29,2.0
NET2,2,1,1.0
NET2,2,9,2.0
NET2,2,17,1.0
NET2,3,3,2.0
NET2,3,4,1.0
NET2,3,1,1.0
NET2,3,0,1.0
NET2,3,28,2.0
NET2,3,24,1.0
NET2,3,29,2.0
NET2,3,9,2.0
NET2,3,17,1.0
NET2,4,3,2.0
NET2,4,4,1.0
NET2,4,1,1.0
NET2,4,0,1.0
NET2,4,28,2.0
NET2,4,24,1.0
NET2,4,29,2.0
NET2,4,9,2.0
NET2,4,17,1.0
NIIF.GRAPHML,2,32,3.0
NIIF.GRAPHML,2,23,3.0
NIIF.GRAPHML,3,25,3.0
NIIF.GRAPHML,3,27,2.0
NIIF.GRAPHML,3,19,2.0
NIIF.GRAPHML,3,1,2.0
NIIF.GRAPHML,3,5,2.0
NIIF.GRAPHML,4,12,4.0
NIIF.GRAPHML,4,24,1.0
NIIF.GRAPHML,4,17,3.0
NIIF.GRAPHML,4,19,2.0
NIIF.GRAPHML,4,31,3.0
NIIF.GRAPHML,4,3,2.0
NIIF.GRAPHML,4,5,2.0
NOEL.GRAPHML,2,15,2.0
NOEL.GRAPHML,2,9,1.0
NOEL.GRAPHML,2,18,1.0
NOEL.GRAPHML,2,0,2.0
NOEL.GRAPHML,2,8,1.0
NOEL.GRAPHML,3,3,3.0
NOEL.GRAPHML,3,2,2.0
NOEL.GRAPHML,3,4,1.0
NOEL.GRAPHML,3,12,1.0
NOEL.GRAPHML,3,16,1.0
NOEL.GRAPHML,4,2,1.0
NOEL.GRAPHML,4,0,2.0
NOEL.GRAPHML,4,9,2.0
NOEL.GRAPHML,4,11,2.0
NOEL.GRAPHML,4,15,2.0
PIONIERL3.GRAPHML,2,34,5.0
PIONIERL3.GRAPHML,2,0,5.0
PIONIERL3.GRAPHML,2,6,4.0
PIONIERL3.GRAPHML,2,13,3.0
PIONIERL3.GRAPHML,3,6,3.0
PIONIERL3.GRAPHML,3,13,3.0
PIONIERL3.GRAPHML,3,3,4.0
PIONIERL3.GRAPHML,3,8,3.0
PIONIERL3.GRAPHML,3,20,2.0
PIONIERL3.GRAPHML,3,35,2.0
PIONIERL3.GRAPHML,4,0,3.0
PIONIERL3.GRAPHML,4,6,4.0
PIONIERL3.GRAPHML,4,13,3.0
PIONIERL3.GRAPHML,4,3,4.0
PIONIERL3.GRAPHML,4,1,4.0
REDIRIS.GRAPHML,2,16,1.0
REDIRIS.GRAPHML,2,7,1.0
REDIRIS.GRAPHML,2,9,1.0
REDIRIS.GRAPHML,2,12,1.0
REDIRIS.GRAPHML,2,3,1.0
REDIRIS.GRAPHML,2,6,1.0
REDIRIS.GRAPHML,3,0,1.0
REDIRIS.GRAPHML,3,8,1.0
REDIRIS.GRAPHML,3,13,1.0
REDIRIS.GRAPHML,3,4,1.0
REDIRIS.GRAPHML,3,10,1.0
REDIRIS.GRAPHML,3,18,2.0
REDIRIS.GRAPHML,3,12,1.0
REDIRIS.GRAPHML,4,3,2.0
REDIRIS.GRAPHML,4,6,2.0
REDIRIS.GRAPHML,4,13,1.0
REDIRIS.GRAPHML,4,8,1.0
RENATER2010.GRAPHML,2,31,6.0
RENATER2010.GRAPHML,2,32,6.0
RENATER2010.GRAPHML,2,2,3.0
RENATER2010.GRAPHML,3,5,3.0
RENATER2010.GRAPHML,3,30,7.0
RENATER2010.GRAPHML,3,3,6.0
RENATER2010.GRAPHML,3,13,2.0
RENATER2010.GRAPHML,4,0,5.0
RENATER2010.GRAPHML,4,32,3.0
RHNET.GRAPHML,2,10,1.0
RHNET.GRAPHML,2,1,2.0
RHNET.GRAPHML,2,11,2.0
RHNET.GRAPHML,2,9,1.0
RHNET.GRAPHML,2,15,2.0
RHNET.GRAPHML,3,1,2.0
RHNET.GRAPHML,3,9,4.0
RHNET.GRAPHML,3,11,2.0
RHNET.GRAPHML,4,1,2.0
RHNET.GRAPHML,4,9,4.0
RHNET.GRAPHML,4,11,2.0
RNP.GRAPHML,2,5,5.0
RNP.GRAPHML,2,16,5.0
RNP.GRAPHML,2,9,1.0
RNP.GRAPHML,2,4,1.0
RNP.GRAPHML,3,5,2.0
RNP.GRAPHML,3,9,1.0
RNP.GRAPHML,3,4,1.0
RNP.GRAPHML,3,0,2.0
RNP.GRAPHML,3,2,1.0
RNP.GRAPHML,3,1,1.0
RNP.GRAPHML,3,16,5.0
RNP.GRAPHML,4,5,6.0
RNP.GRAPHML,4,9,1.0
RNP.GRAPHML,4,4,1.0
RNP.GRAPHML,4,0,2.0
RNP.GRAPHML,4,2,1.0
ROEDUNETFIBRE.GRAPHML,2,4,1.0
ROEDUNETFIBRE.GRAPHML,2,42,4.0
ROEDUNETFIBRE.GRAPHML,2,16,3.0
ROEDUNETFIBRE.GRAPHML,2,0,2.0
ROEDUNETFIBRE.GRAPHML,2,27,5.0
ROEDUNETFIBRE.GRAPHML,2,25,1.0
ROEDUNETFIBRE.GRAPHML,2,44,3.0
ROEDUNETFIBRE.GRAPHML,3,4,6.0
ROEDUNETFIBRE.GRAPHML,3,0,1.0
ROEDUNETFIBRE.GRAPHML,3,2,4.0
ROEDUNETFIBRE.GRAPHML,3,16,3.0
ROEDUNETFIBRE.GRAPHML,3,25,2.0
ROEDUNETFIBRE.GRAPHML,3,13,2.0
ROEDUNETFIBRE.GRAPHML,3,22,3.0
ROEDUNETFIBRE.GRAPHML,4,4,6.0
ROEDUNETFIBRE.GRAPHML,4,0,1.0
ROEDUNETFIBRE.GRAPHML,4,2,4.0
ROEDUNETFIBRE.GRAPHML,4,16,3.0
ROEDUNETFIBRE.GRAPHML,4,13,2.0
ROEDUNETFIBRE.GRAPHML,4,22,3.0
ROEDUNETFIBRE.GRAPHML,4,25,1.0
SINET.GRAPHML,2,34,3.0
SINET.GRAPHML,2,35,1.0
SINET.GRAPHML,2,20,3.0
SINET.GRAPHML,2,24,3.0
SINET.GRAPHML,2,49,3.0
SINET.GRAPHML,3,66,2.0
SINET.GRAPHML,3,70,2.0
SINET.GRAPHML,3,4,2.0
SINET.GRAPHML,3,18,2.0
SINET.GRAPHML,3,52,3.0
SINET.GRAPHML,3,6,2.0
SINET.GRAPHML,3,35,2.0
SINET.GRAPHML,3,0,1.0
SINET.GRAPHML,4,73,2.0
SINET.GRAPHML,4,70,3.0
SINET.GRAPHML,4,63,2.0
SINET.GRAPHML,4,66,2.0
SINET.GRAPHML,4,27,2.0
SINET.GRAPHML,4,50,2.0
SINET.GRAPHML,4,57,2.0
SINET.GRAPHML,4,52,3.0
SPRINT,2,4,1.0
SPRINT,2,10,1.0
SPRINT,2,0,1.0
SPRINT,3,1,2.0
SPRINT,3,3,1.0
SPRINT,3,2,1.0
SPRINT,4,2,1.0
SPRINT,4,10,2.0
SPRINT,4,9,1.0
SUNET.GRAPHML,2,2,1.0
SUNET.GRAPHML,2,16,1.0
SUNET.GRAPHML,2,1,2.0
SUNET.GRAPHML,2,9,2.0
SUNET.GRAPHML,2,10,2.0
SUNET.GRAPHML,2,22,3.0
SUNET.GRAPHML,3,1,2.0
SUNET.GRAPHML,3,2,6.0
SUNET.GRAPHML,3,9,2.0
SUNET.GRAPHML,3,10,2.0
SUNET.GRAPHML,3,16,1.0
SUNET.GRAPHML,4,1,2.0
SUNET.GRAPHML,4,2,6.0
SUNET.GRAPHML,4,9,2.0
SUNET.GRAPHML,4,17,2.0
SUNET.GRAPHML,4,10,2.0
SURFNET.GRAPHML,2,8,4.0
SURFNET.GRAPHML,2,30,6.0
SURFNET.GRAPHML,2,38,2.0
SURFNET.GRAPHML,2,47,3.0
SURFNET.GRAPHML,3,13,2.0
SURFNET.GRAPHML,3,3,2.0
SURFNET.GRAPHML,3,2,2.0
SURFNET.GRAPHML,3,22,2.0
SURFNET.GRAPHML,3,8,3.0
SURFNET.GRAPHML,3,20,2.0
SURFNET.GRAPHML,3,35,1.0
SURFNET.GRAPHML,3,38,1.0
SURFNET.GRAPHML,3,14,3.0
SURFNET.GRAPHML,3,24,3.0
SURFNET.GRAPHML,3,32,1.0
SURFNET.GRAPHML,4,8,3.0
SURFNET.GRAPHML,4,1,1.0
SURFNET.GRAPHML,4,4,1.0
SURFNET.GRAPHML,4,3,2.0
SURFNET.GRAPHML,4,30,1.0
SURFNET.GRAPHML,4,2,1.0
SURFNET.GRAPHML,4,19,5.0
SURFNET.GRAPHML,4,13,3.0
SWITCHL3.GRAPHML,2,35,1.0
SWITCHL3.GRAPHML,2,7,3.0
SWITCHL3.GRAPHML,2,34,1.0
SWITCHL3.GRAPHML,2,37,1.0
SWITCHL3.GRAPHML,2,30,1.0
SWITCHL3.GRAPHML,2,31,2.0
SWITCHL3.GRAPHML,2,1,1.0
SWITCHL3.GRAPHML,2,23,1.0
SWITCHL3.GRAPHML,3,34,4.0
SWITCHL3.GRAPHML,3,32,4.0
SWITCHL3.GRAPHML,3,33,2.0
SWITCHL3.GRAPHML,3,12,2.0
SWITCHL3.GRAPHML,3,0,1.0
SWITCHL3.GRAPHML,3,22,1.0
SWITCHL3.GRAPHML,4,39,2.0
SWITCHL3.GRAPHML,4,16,1.0
SWITCHL3.GRAPHML,4,41,1.0
SWITCHL3.GRAPHML,4,27,1.0
SWITCHL3.GRAPHML,4,34,2.0
SWITCHL3.GRAPHML,4,20,1.0
SWITCHL3.GRAPHML,4,24,1.0
SWITCHL3.GRAPHML,4,28,1.0
SWITCHL3.GRAPHML,4,22,1.0
SWITCHL3.GRAPHML,4,23,1.0
TATANLD.GRAPHML,2,52,3.0
TATANLD.GRAPHML,2,71,2.0
TATANLD.GRAPHML,2,46,6.0
TATANLD.GRAPHML,2,98,2.0
TATANLD.GRAPHML,2,95,1.0
TATANLD.GRAPHML,2,120,1.0
TATANLD.GRAPHML,2,25,2.0
TATANLD.GRAPHML,2,37,3.0
TATANLD.GRAPHML,2,128,1.0
TATANLD.GRAPHML,2,81,2.0
TATANLD.GRAPHML,2,129,4.0
TATANLD.GRAPHML,2,97,1.0
TATANLD.GRAPHML,2,32,4.0
TATANLD.GRAPHML,2,60,7.0
TATANLD.GRAPHML,2,76,2.0
TATANLD.GRAPHML,2,91,2.0
TATANLD.GRAPHML,2,141,3.0
TATANLD.GRAPHML,2,23,1.0
TATANLD.GRAPHML,2,47,1.0
TATANLD.GRAPHML,2,104,1.0
TATANLD.GRAPHML,2,119,6.0
TATANLD.GRAPHML,3,1,3.0
TATANLD.GRAPHML,3,25,2.0
TATANLD.GRAPHML,3,52,3.0
TATANLD.GRAPHML,3,71,1.0
TATANLD.GRAPHML,3,46,2.0
TATANLD.GRAPHML,3,23,1.0
TATANLD.GRAPHML,3,32,4.0
TATANLD.GRAPHML,3,12,3.0
TATANLD.GRAPHML,3,15,1.0
TATANLD.GRAPHML,3,37,2.0
TATANLD.GRAPHML,3,95,1.0
TATANLD.GRAPHML,3,19,3.0
TATANLD.GRAPHML,3,47,6.0
TATANLD.GRAPHML,3,26,3.0
TATANLD.GRAPHML,3,11,1.0
TATANLD.GRAPHML,3,53,2.0
TATANLD.GRAPHML,3,98,2.0
TATANLD.GRAPHML,3,60,2.0
TATANLD.GRAPHML,3,97,1.0
TATANLD.GRAPHML,3,76,2.0
TATANLD.GRAPHML,3,0,3.0
TATANLD.GRAPHML,3,3,2.0
TATANLD.GRAPHML,3,120,1.0
TATANLD.GRAPHML,4,1,3.0
TATANLD.GRAPHML,4,25,2.0
TATANLD.GRAPHML,4,71,2.0
TATANLD.GRAPHML,4,52,3.0
TATANLD.GRAPHML,4,23,1.0
TATANLD.GRAPHML,4,46,2.0
TATANLD.GRAPHML,4,32,4.0
TATANLD.GRAPHML,4,15,1.0
TATANLD.GRAPHML,4,12,3.0
TATANLD.GRAPHML,4,19,3.0
TATANLD.GRAPHML,4,95,2.0
TATANLD.GRAPHML,4,47,6.0
TATANLD.GRAPHML,4,37,2.0
TATANLD.GRAPHML,4,27,3.0
TATANLD.GRAPHML,4,53,2.0
TATANLD.GRAPHML,4,11,1.0
TATANLD.GRAPHML,4,97,1.0
TATANLD.GRAPHML,4,60,2.0
TATANLD.GRAPHML,4,3,3.0
TATANLD.GRAPHML,4,98,2.0
TATANLD.GRAPHML,4,76,2.0
TINET.GRAPHML,2,34,2.0
TINET.GRAPHML,2,37,2.0
TINET.GRAPHML,2,41,2.0
TINET.GRAPHML,2,5,1.0
TINET.GRAPHML,2,8,1.0
TINET.GRAPHML,2,4,5.0
TINET.GRAPHML,2,35,4.0
TINET.GRAPHML,3,7,3.0
TINET.GRAPHML,3,18,4.0
TINET.GRAPHML,3,23,4.0
TINET.GRAPHML,3,12,3.0
TINET.GRAPHML,4,46,3.0
TINET.GRAPHML,4,52,2.0
TINET.GRAPHML,4,30,2.0
TINET.GRAPHML,4,40,3.0
TINET.GRAPHML,4,13,2.0
TINET.GRAPHML,4,38,4.0
TINET.GRAPHML,4,32,2.0
TINET.GRAPHML,4,16,1.0
TINET.GRAPHML,4,28,1.0
ULAKNET.GRAPHML,2,76,2.0
ULAKNET.GRAPHML,2,75,1.0
ULAKNET.GRAPHML,2,74,1.0
ULAKNET.GRAPHML,3,37,1.0
ULAKNET.GRAPHML,3,38,1.0
ULAKNET.GRAPHML,3,39,1.0
ULAKNET.GRAPHML,3,40,1.0
ULAKNET.GRAPHML,3,81,2.0
ULAKNET.GRAPHML,3,76,2.0
ULAKNET.GRAPHML,4,74,3.0
ULAKNET.GRAPHML,4,75,1.0
UNINETT2010.GRAPHML,2,66,4.0
UNINETT2010.GRAPHML,2,3,3.0
UNINETT2010.GRAPHML,2,67,4.0
UNINETT2010.GRAPHML,2,0,3.0
UNINETT2010.GRAPHML,2,1,3.0
UNINETT2010.GRAPHML,2,17,2.0
UNINETT2010.GRAPHML,2,37,1.0
UNINETT2010.GRAPHML,2,41,2.0
UNINETT2010.GRAPHML,3,26,2.0
UNINETT2010.GRAPHML,3,2,2.0
UNINETT2010.GRAPHML,3,17,3.0
UNINETT2010.GRAPHML,3,9,2.0
UNINETT2010.GRAPHML,3,32,2.0
UNINETT2010.GRAPHML,3,0,3.0
UNINETT2010.GRAPHML,3,5,2.0
UNINETT2010.GRAPHML,3,3,2.0
UNINETT2010.GRAPHML,3,28,2.0
UNINETT2010.GRAPHML,3,31,2.0
UNINETT2010.GRAPHML,3,51,1.0
UNINETT2010.GRAPHML,3,53,1.0
UNINETT2010.GRAPHML,3,46,3.0
UNINETT2010.GRAPHML,3,11,1.0
UNINETT2010.GRAPHML,4,1,3.0
UNINETT2010.GRAPHML,4,0,3.0
UNINETT2010.GRAPHML,4,8,3.0
UNINETT2010.GRAPHML,4,10,2.0
UNINETT2010.GRAPHML,4,17,2.0
UNINETT2010.GRAPHML,4,22,2.0
UNINETT2010.GRAPHML,4,9,2.0
UNINETT2010.GRAPHML,4,2,2.0
UNINETT2010.GRAPHML,4,26,3.0
UNINETT2010.GRAPHML,4,66,3.0
UNINETT2010.GRAPHML,4,6,1.0
UNINETT2010.GRAPHML,4,5,1.0
UNINETT2010.GRAPHML,4,29,2.0
UNINETT2010.GRAPHML,4,67,2.0
UNINETT2010.GRAPHML,4,7,1.0
USCARRIER,2,7,2.0
USCARRIER,2,77,8.0
USCARRIER,2,109,2.0
USCARRIER,2,50,3.0
USCARRIER,2,133,5.0
USCARRIER,2,18,3.0
USCARRIER,2,119,2.0
USCARRIER,2,9,1.0
USCARRIER,2,57,11.0
USCARRIER,2,103,1.0
USCARRIER,2,106,2.0
USCARRIER,2,86,1.0
USCARRIER,2,135,6.0
USCARRIER,2,33,2.0
USCARRIER,2,53,4.0
USCARRIER,2,91,2.0
USCARRIER,2,97,1.0
USCARRIER,2,157,6.0
USCARRIER,2,124,2.0
USCARRIER,3,7,2.0
USCARRIER,3,50,2.0
USCARRIER,3,19,2.0
USCARRIER,3,57,11.0
USCARRIER,3,15,1.0
USCARRIER,3,77,2.0
USCARRIER,3,109,2.0
USCARRIER,3,30,2.0
USCARRIER,3,6,7.0
USCARRIER,3,26,2.0
USCARRIER,3,53,2.0
USCARRIER,3,2,1.0
USCARRIER,3,4,1.0
USCARRIER,3,86,1.0
USCARRIER,3,34,1.0
USCARRIER,3,69,2.0
USCARRIER,3,119,2.0
USCARRIER,3,24,1.0
USCARRIER,3,16,1.0
USCARRIER,3,103,1.0
USCARRIER,3,106,2.0
USCARRIER,3,32,1.0
USCARRIER,3,36,1.0
USCARRIER,3,39,1.0
USCARRIER,3,61,3.0
USCARRIER,3,46,3.0
USCARRIER,3,91,2.0
USCARRIER,3,76,6.0
USCARRIER,3,51,2.0
USCARRIER,3,52,3.0
USCARRIER,3,133,3.0
USCARRIER,4,7,2.0
USCARRIER,4,50,2.0
USCARRIER,4,19,2.0
USCARRIER,4,15,1.0
USCARRIER,4,57,11.0
USCARRIER,4,77,2.0
USCARRIER,4,109,2.0
USCARRIER,4,6,7.0
USCARRIER,4,26,2.0
USCARRIER,4,30,2.0
USCARRIER,4,4,1.0
USCARRIER,4,2,1.0
USCARRIER,4,53,2.0
USCARRIER,4,86,1.0
USCARRIER,4,34,1.0
USCARRIER,4,69,2.0
USCARRIER,4,119,2.0
USCARRIER,4,16,1.0
USCARRIER,4,24,1.0
USCARRIER,4,39,1.0
USCARRIER,4,36,1.0
USCARRIER,4,32,1.0
USCARRIER,4,61,3.0
USCARRIER,4,103,1.0
USCARRIER,4,106,2.0
USCARRIER,4,46,3.0
USCARRIER,4,51,2.0
USCARRIER,4,52,3.0
USCARRIER,4,76,6.0
USCARRIER,4,91,2.0
USCARRIER,4,133,3.0
USCARRIER.GRAPHML,2,7,2.0
USCARRIER.GRAPHML,2,77,8.0
USCARRIER.GRAPHML,2,109,2.0
USCARRIER.GRAPHML,2,50,3.0
USCARRIER.GRAPHML,2,133,5.0
USCARRIER.GRAPHML,2,18,3.0
USCARRIER.GRAPHML,2,119,2.0
USCARRIER.GRAPHML,2,9,1.0
USCARRIER.GRAPHML,2,57,11.0
USCARRIER.GRAPHML,2,103,1.0
USCARRIER.GRAPHML,2,106,2.0
USCARRIER.GRAPHML,2,86,1.0
USCARRIER.GRAPHML,2,135,6.0
USCARRIER.GRAPHML,2,33,2.0
USCARRIER.GRAPHML,2,53,4.0
USCARRIER.GRAPHML,2,91,2.0
USCARRIER.GRAPHML,2,97,1.0
USCARRIER.GRAPHML,2,157,6.0
USCARRIER.GRAPHML,2,124,2.0
USCARRIER.GRAPHML,3,7,2.0
USCARRIER.GRAPHML,3,50,2.0
USCARRIER.GRAPHML,3,19,2.0
USCARRIER.GRAPHML,3,57,11.0
USCARRIER.GRAPHML,3,15,1.0
USCARRIER.GRAPHML,3,77,2.0
USCARRIER.GRAPHML,3,109,2.0
USCARRIER.GRAPHML,3,30,2.0
USCARRIER.GRAPHML,3,6,7.0
USCARRIER.GRAPHML,3,26,2.0
USCARRIER.GRAPHML,3,53,2.0
USCARRIER.GRAPHML,3,2,1.0
USCARRIER.GRAPHML,3,4,1.0
USCARRIER.GRAPHML,3,86,1.0
USCARRIER.GRAPHML,3,34,1.0
USCARRIER.GRAPHML,3,69,2.0
USCARRIER.GRAPHML,3,119,2.0
USCARRIER.GRAPHML,3,24,1.0
USCARRIER.GRAPHML,3,16,1.0
USCARRIER.GRAPHML,3,103,1.0
USCARRIER.GRAPHML,3,106,2.0
USCARRIER.GRAPHML,3,32,1.0
USCARRIER.GRAPHML,3,36,1.0
USCARRIER.GRAPHML,3,39,1.0
USCARRIER.GRAPHML,3,61,3.0
USCARRIER.GRAPHML,3,46,3.0
USCARRIER.GRAPHML,3,91,2.0
USCARRIER.GRAPHML,3,76,6.0
USCARRIER.GRAPHML,3,51,2.0
USCARRIER.GRAPHML,3,52,3.0
USCARRIER.GRAPHML,3,133,3.0
USCARRIER.GRAPHML,4,7,2.0
USCARRIER.GRAPHML,4,50,2.0
USCARRIER.GRAPHML,4,19,2.0
USCARRIER.GRAPHML,4,15,1.0
USCARRIER.GRAPHML,4,57,11.0
USCARRIER.GRAPHML,4,77,2.0
USCARRIER.GRAPHML,4,109,2.0
USCARRIER.GRAPHML,4,6,7.0
USCARRIER.GRAPHML,4,26,2.0
USCARRIER.GRAPHML,4,30,2.0
USCARRIER.GRAPHML,4,4,1.0
USCARRIER.GRAPHML,4,2,1.0
USCARRIER.GRAPHML,4,53,2.0
USCARRIER.GRAPHML,4,86,1.0
USCARRIER.GRAPHML,4,34,1.0
USCARRIER.GRAPHML,4,69,2.0
USCARRIER.GRAPHML,4,119,2.0
USCARRIER.GRAPHML,4,16,1.0
USCARRIER.GRAPHML,4,24,1.0
USCARRIER.GRAPHML,4,39,1.0
USCARRIER.GRAPHML,4,36,1.0
USCARRIER.GRAPHML,4,32,1.0
USCARRIER.GRAPHML,4,61,3.0
USCARRIER.GRAPHML,4,103,1.0
USCARRIER.GRAPHML,4,106,2.0
USCARRIER.GRAPHML,4,46,3.0
USCARRIER.GRAPHML,4,51,2.0
USCARRIER.GRAPHML,4,52,3.0
USCARRIER.GRAPHML,4,76,6.0
USCARRIER.GRAPHML,4,91,2.0
USCARRIER.GRAPHML,4,133,3.0
UUNET.GRAPHML,2,13,1.0
UUNET.GRAPHML,2,9,2.0
UUNET.GRAPHML,2,45,1.0
UUNET.GRAPHML,2,25,1.0
UUNET.GRAPHML,2,4,4.0
UUNET.GRAPHML,2,27,1.0
UUNET.GRAPHML,2,31,1.0
UUNET.GRAPHML,2,33,2.0
UUNET.GRAPHML,2,14,1.0
UUNET.GRAPHML,2,43,3.0
UUNET.GRAPHML,3,41,2.0
UUNET.GRAPHML,3,34,2.0
UUNET.GRAPHML,3,44,2.0
UUNET.GRAPHML,3,46,2.0
UUNET.GRAPHML,3,28,1.0
UUNET.GRAPHML,3,17,2.0
UUNET.GRAPHML,3,25,2.0
UUNET.GRAPHML,3,38,2.0
UUNET.GRAPHML,3,7,1.0
UUNET.GRAPHML,3,48,1.0
UUNET.GRAPHML,3,1,1.0
UUNET.GRAPHML,3,4,1.0
UUNET.GRAPHML,4,48,2.0
UUNET.GRAPHML,4,36,1.0
UUNET.GRAPHML,4,39,3.0
UUNET.GRAPHML,4,37,3.0
UUNET.GRAPHML,4,35,1.0
UUNET.GRAPHML,4,47,2.0
UUNET.GRAPHML,4,34,2.0
UUNET.GRAPHML,4,22,1.0
UUNET.GRAPHML,4,43,1.0
UUNET.GRAPHML,4,21,1.0
UUNET.GRAPHML,4,7,1.0
UUNET.GRAPHML,4,5,1.0
